name,address,rating,reviews_count,review,photo
شاورمر,طريق الملك فهد الفرعي، العارض، الرياض 11564، المملكة العربية السعودية,4.1,2549,طلبت من جاهز وكان مندوب التوصيل سريع ووصل الطلب حار.,https://encrypted-tbn0.gstatic.com/images?q=tbn:ANd9GcQU4L0bpO9cEpNLt9ucBfRwM3Wpm66nrMRzKFMVMEkHEXW8F15kH3r_eH0q&s=10#delivery1_شاورمر
شاورمر,طريق الملك فهد الفرعي، العارض، الرياض 11564، المملكة العربية السعودية,4.1,2549,التوصيل ممتاز، delivery rider وصل بسرعة وكانت التجربة جيدة.,https://encrypted-tbn0.gstatic.com/images?q=tbn:ANd9GcQU4L0bpO9cEpNLt9ucBfRwM3Wpm66nrMRzKFMVMEkHEXW8F15kH3r_eH0q&s=10#delivery2_شاورمر
شاورمر,طريق الملك فهد الفرعي، العارض، الرياض 11564، المملكة العربية السعودية,4.1,2549,طلب HungerStation وصل بدون تأخير والمندوب كان محترم.,https://encrypted-tbn0.gstatic.com/images?q=tbn:ANd9GcQU4L0bpO9cEpNLt9ucBfRwM3Wpm66nrMRzKFMVMEkHEXW8F15kH3r_eH0q&s=10#delivery3_شاورمر
شاورمر,طريق الملك فهد الفرعي، العارض، الرياض 11564، المملكة العربية السعودية,4.1,2549,المطعم يعتمد كثير على تطبيقات التوصيل مثل Mrsool وTalabat.,https://encrypted-tbn0.gstatic.com/images?q=tbn:ANd9GcQU4L0bpO9cEpNLt9ucBfRwM3Wpm66nrMRzKFMVMEkHEXW8F15kH3r_eH0q&s=10#delivery4_شاورمر
شاورمر,طريق الملك فهد الفرعي، العارض، الرياض 11564، المملكة العربية السعودية,4.1,2549,الخدمة داخل المطعم جيدة والأكل كان طازج.,https://encrypted-tbn0.gstatic.com/images?q=tbn:ANd9GcSrn5MiDTa_cg9SdbR-DJ0gkyMY-lYqL5yKSw&s#normal5_شاورمر
شاورمر,طريق الملك فهد الفرعي، العارض، الرياض 11564، المملكة العربية السعودية,4.1,2549,تجربة جيدة والأسعار مناسبة.,https://encrypted-tbn0.gstatic.com/images?q=tbn:ANd9GcSrn5MiDTa_cg9SdbR-DJ0gkyMY-lYqL5yKSw&s#normal6_شاورمر
شاورمر,طريق الملك فهد الفرعي، العارض، الرياض 11564، المملكة العربية السعودية,4.1,2549,المكان نظيف والموظفون متعاونون.,https://encrypted-tbn0.gstatic.com/images?q=tbn:ANd9GcSrn5MiDTa_cg9SdbR-DJ0gkyMY-lYqL5yKSw&s#normal7_شاورمر
شاورمر,طريق الملك فهد الفرعي، العارض، الرياض 11564، المملكة العربية السعودية,4.1,2549,الطعم ممتاز والطلب كان جاهز بسرعة.,https://encrypted-tbn0.gstatic.com/images?q=tbn:ANd9GcSrn5MiDTa_cg9SdbR-DJ0gkyMY-lYqL5yKSw&s#normal8_شاورمر
شاورمر,طريق الملك فهد الفرعي، العارض، الرياض 11564، المملكة العربية السعودية,4.1,2549,الفرع مزدحم لكن الخدمة مقبولة.,https://encrypted-tbn0.gstatic.com/images?q=tbn:ANd9GcSrn5MiDTa_cg9SdbR-DJ0gkyMY-lYqL5yKSw&s#normal9_شاورمر
شاورمر,طريق الملك فهد الفرعي، العارض، الرياض 11564، المملكة العربية السعودية,4.1,2549,الأكل وصل ساخن عند الطلب من delivery app.,https://encrypted-tbn0.gstatic.com/images?q=tbn:ANd9GcSrn5MiDTa_cg9SdbR-DJ0gkyMY-lYqL5yKSw&s#normal10_شاورمر
شاورمر,طريق الملك فهد الفرعي، العارض، الرياض 11564، المملكة العربية السعودية,4.1,2549,Good,
شاورمر,طريق الملك فهد الفرعي، العارض، الرياض 11564، المملكة العربية السعودية,4.1,2549,Great service!,
شاورمر,طريق الملك فهد الفرعي، العارض، الرياض 11564، المملكة العربية السعودية,4.1,2549,تأخير كبير جداً في طلبات السيارات واخر مرة اطلب منه ان شاءالله,
شاورمر,طريق الملك فهد الفرعي، العارض، الرياض 11564، المملكة العربية السعودية,4.1,2549,طلبت الراهية ، فعلاً راهية من البطاطس ، تتكون من 90٪ بطاطس . 4 مخلل وخبز وصوص، 1٪ دجاج شاورما والصورة تتكلم,
شاورمر,طريق الملك فهد الفرعي، العارض، الرياض 11564، المملكة العربية السعودية,4.1,2549,عجبني,
شاورمر,طريق الملك فهد الفرعي، العارض، الرياض 11564، المملكة العربية السعودية,4.1,2549,الذ شاورما جربتها الصراحه بس لا تنخدعو بالصور الحجم مختلف عن الصوره والسعر غالي,
شاورمر,طريق الملك فهد الفرعي، العارض، الرياض 11564، المملكة العربية السعودية,4.1,2549,Great service,
شاورمر,طريق الملك فهد الفرعي، العارض، الرياض 11564، المملكة العربية السعودية,4.1,2549,"Amazing shawarmer, a, brilliant employees",
شاورمر,طريق الملك فهد الفرعي، العارض، الرياض 11564، المملكة العربية السعودية,4.1,2549,Good service,
شاورمر,طريق الملك فهد الفرعي، العارض، الرياض 11564، المملكة العربية السعودية,4.1,2549,Love ittt,
شاورمر,طريق الملك فهد الفرعي، العارض، الرياض 11564، المملكة العربية السعودية,4.1,2549,Great experience,
شاورمر,طريق الملك فهد الفرعي، العارض، الرياض 11564، المملكة العربية السعودية,4.1,2549,Shawarmer the best,
شاورمر,طريق الملك فهد الفرعي، العارض، الرياض 11564، المملكة العربية السعودية,4.1,2549,ممتاز جدا,
شاورمر,طريق الملك فهد الفرعي، العارض، الرياض 11564، المملكة العربية السعودية,4.1,2549,ثنكيو كاملا,
شاورمر,طريق الملك فهد الفرعي، العارض، الرياض 11564، المملكة العربية السعودية,4.1,2549,Amazing shawarmer,
شاورمر,طريق الملك فهد الفرعي، العارض، الرياض 11564، المملكة العربية السعودية,4.1,2549,"Shawamer amazing, they have amazing staff, they are highly welcoming",
شاورمر,طريق الملك فهد الفرعي، العارض، الرياض 11564، المملكة العربية السعودية,4.1,2549,"Amazing service, amazing meals,",
شاورمر,طريق الملك فهد الفرعي، العارض، الرياض 11564، المملكة العربية السعودية,4.1,2549,Brilliant service,
شاورمر,طريق الملك فهد الفرعي، العارض، الرياض 11564، المملكة العربية السعودية,4.1,2549,تاخير,
شاورمر,طريق الملك فهد الفرعي، العارض، الرياض 11564، المملكة العربية السعودية,4.1,2549,خدمة ممتازة,
شاورمر,طريق الملك فهد الفرعي، العارض، الرياض 11564، المملكة العربية السعودية,4.1,2549,Amazing hospitality and they serve delicious meals,
شاورمر,طريق الملك فهد الفرعي، العارض، الرياض 11564، المملكة العربية السعودية,4.1,2549,Amazing hospitality,
شاورمر,طريق الملك فهد الفرعي، العارض، الرياض 11564، المملكة العربية السعودية,4.1,2549,Great service of all.,
شاورمر,طريق الملك فهد الفرعي، العارض، الرياض 11564، المملكة العربية السعودية,4.1,2549,"What I liked the most was the hospitality everyone showed during my first visit. Thank you to the staff who served my food, Camille. We will come back again.",
شاورمر,طريق الملك فهد الفرعي، العارض، الرياض 11564، المملكة العربية السعودية,4.1,2549,It's one of the beat services in all of shawrmer brnaches especially shawonI hope she get a raise and a good position because she did the best service thank you Shawon,
شاورمر,طريق الملك فهد الفرعي، العارض، الرياض 11564، المملكة العربية السعودية,4.1,2549,مميزة,
شاورمر,طريق الملك فهد الفرعي، العارض، الرياض 11564، المملكة العربية السعودية,4.1,2549,"Amazing service ,",
شاورمر,طريق الملك فهد الفرعي، العارض، الرياض 11564، المملكة العربية السعودية,4.1,2549,طالب من ٣ ونص ولسى م جاء عبر تطبيقكم احاول اتواصل معاكم م قدرت ي ريتنا م طلبت سحورر ي ناس,
شاورمر,طريق الملك فهد الفرعي، العارض، الرياض 11564، المملكة العربية السعودية,4.1,2549,Love the energy here! Excellent service,
شاورمر,طريق الملك فهد الفرعي، العارض، الرياض 11564، المملكة العربية السعودية,4.1,2549,this is Branch so good because Stuff so kind,
شاورمر,طريق الملك فهد الفرعي، العارض، الرياض 11564، المملكة العربية السعودية,4.1,2549,أفضل الموجود على طريق القصيم,
شاورمر,طريق الملك فهد الفرعي، العارض، الرياض 11564، المملكة العربية السعودية,4.1,2549,Very fast service. Great people.,
شاورمر,طريق الملك فهد الفرعي، العارض، الرياض 11564، المملكة العربية السعودية,4.1,2549,Great service,
شاورمر,طريق الملك فهد الفرعي، العارض، الرياض 11564، المملكة العربية السعودية,4.1,2549,Camille was very helpful and kind!!,
شاورمر,طريق الملك فهد الفرعي، العارض، الرياض 11564، المملكة العربية السعودية,4.1,2549,الخدمة سيئة وكارثية,
شاورمر,طريق الملك فهد الفرعي، العارض، الرياض 11564، المملكة العربية السعودية,4.1,2549,Employees are very welcoming. Thanks to this branch. Will come again,
شاورمر,طريق الملك فهد الفرعي، العارض، الرياض 11564، المملكة العربية السعودية,4.1,2549,very fast and efficient service. Kudos to Camille. The best!,
شاورمر,طريق الملك فهد الفرعي، العارض، الرياض 11564، المملكة العربية السعودية,4.1,2549,Fast serviceee,
شاورمر,طريق الملك فهد الفرعي، العارض، الرياض 11564، المملكة العربية السعودية,4.1,2549,great experience,
شاورمر,طريق الملك فهد الفرعي، العارض، الرياض 11564، المملكة العربية السعودية,4.1,2549,amazing service adorable sandwiches,
شاورمر,طريق الملك فهد الفرعي، العارض، الرياض 11564، المملكة العربية السعودية,4.1,2549,Adorable services,
شاورمر,طريق الملك فهد الفرعي، العارض، الرياض 11564، المملكة العربية السعودية,4.1,2549,Fast service!,
شاورمر,طريق الملك فهد الفرعي، العارض، الرياض 11564، المملكة العربية السعودية,4.1,2549,amazing Food,
شاورمر,طريق الملك فهد الفرعي، العارض، الرياض 11564، المملكة العربية السعودية,4.1,2549,fantastic services,
شاورمر,طريق الملك فهد الفرعي، العارض، الرياض 11564، المملكة العربية السعودية,4.1,2549,ماشاءالله جميل,
شاورمر,طريق الملك فهد الفرعي، العارض، الرياض 11564، المملكة العربية السعودية,4.1,2549,ياليت يكون دجاج وطني مبرد احسن من المجمد البرازيلي,
شاورمر,طريق الملك فهد الفرعي، العارض، الرياض 11564، المملكة العربية السعودية,4.1,2549,"Amazing employees, good service",
شاورمر,طريق الملك فهد الفرعي، العارض، الرياض 11564، المملكة العربية السعودية,4.1,2549,اكل لذيذ لكن الاسعار,
شاورمر,طريق الملك فهد الفرعي، العارض، الرياض 11564، المملكة العربية السعودية,4.1,2549,حلووووجدا ممتااااز ءوق على كيفك,
شاورمر,طريق الملك فهد الفرعي، العارض، الرياض 11564، المملكة العربية السعودية,4.1,2549,Good service ever,
شاورمر,طريق الملك فهد الفرعي، العارض، الرياض 11564، المملكة العربية السعودية,4.1,2549,Great service,
شاورمر,طريق الملك فهد الفرعي، العارض، الرياض 11564، المملكة العربية السعودية,4.1,2549,"Absolutely loved my experience at Shawarmer! The food was delicious and freshly prepared, and the service was exceptional. Special thanks to Ms. Camile for being so attentive, friendly, and professional she made my visit even better. Highly recommend this place to anyone craving a tasty meal with excellent service!",
شاورمر,طريق الملك فهد الفرعي، العارض، الرياض 11564، المملكة العربية السعودية,4.1,2549,"Amazing store, amazing employee, amazing meals",
شاورمر,طريق الملك فهد الفرعي، العارض، الرياض 11564، المملكة العربية السعودية,4.1,2549,Very fast service,
شاورمر,طريق الملك فهد الفرعي، العارض، الرياض 11564، المملكة العربية السعودية,4.1,2549,Amazing service and staff. Ronaldo is a fantastic service provider. A must visit drive through restaurant.,
شاورمر,طريق الملك فهد الفرعي، العارض، الرياض 11564، المملكة العربية السعودية,4.1,2549,It's one of the beat services in all of shawrmer brnaches especially Camille I hope she get a raise and a good position because she did the best service thank you Camille,
شاورمر,طريق الملك فهد الفرعي، العارض، الرياض 11564، المملكة العربية السعودية,4.1,2549,Incredible services,
شاورمر,طريق الملك فهد الفرعي، العارض، الرياض 11564، المملكة العربية السعودية,4.1,2549,Sarvice is very good and staff also Friendly,
شاورمر,طريق الملك فهد الفرعي، العارض، الرياض 11564، المملكة العربية السعودية,4.1,2549,"very bad service,",
شاورمر,طريق الملك فهد الفرعي، العارض، الرياض 11564، المملكة العربية السعودية,4.1,2549,excellent,
شاورمر,طريق الملك فهد الفرعي، العارض، الرياض 11564، المملكة العربية السعودية,4.1,2549,Amazing store,
شاورمر,طريق الملك فهد الفرعي، العارض، الرياض 11564، المملكة العربية السعودية,4.1,2549,ممتاز جدا,
شاورمر,طريق الملك فهد الفرعي، العارض، الرياض 11564، المملكة العربية السعودية,4.1,2549,gooood service,
شاورمر,طريق الملك فهد الفرعي، العارض، الرياض 11564، المملكة العربية السعودية,4.1,2549,Bad behavior,
شاورمر,طريق الملك فهد الفرعي، العارض، الرياض 11564، المملكة العربية السعودية,4.1,2549,Camille friendly and professional in their work.,
شاورمر,طريق الملك فهد الفرعي، العارض، الرياض 11564، المملكة العربية السعودية,4.1,2549,Camille she s a great person and best representative of this brand with high ethics,
شاورمر,طريق الملك فهد الفرعي، العارض، الرياض 11564، المملكة العربية السعودية,4.1,2549,"wonderful day with Camille from Philippines , she is professional and Great Person .",
شاورمر,طريق الملك فهد الفرعي، العارض، الرياض 11564، المملكة العربية السعودية,4.1,2549,مطعمي المفضل,
شاورمر,طريق الملك فهد الفرعي، العارض، الرياض 11564، المملكة العربية السعودية,4.1,2549,The staff at this branch are very wonderful and friendly. They provide excellent service and are the reason I return to the same branch on a weekly basis.,
شاورمر,طريق الملك فهد الفرعي، العارض، الرياض 11564، المملكة العربية السعودية,4.1,2549,Thank you camel,
شاورمر,طريق الملك فهد الفرعي، العارض، الرياض 11564، المملكة العربية السعودية,4.1,2549,Full of energy! Great customer service.,
شاورمر,طريق الملك فهد الفرعي، العارض، الرياض 11564، المملكة العربية السعودية,4.1,2549,الله يعطيهم العافيه سريعين في تجهيز الطلبات وخاصه في الاستقبال الموظف نلكمل,
شاورمر,طريق الملك فهد الفرعي، العارض، الرياض 11564، المملكة العربية السعودية,4.1,2549,اشكر الكاشير حكيم العاطفي أخلاقه عاليه يتجوب معك على اسرع وقت لك كل الشكر من اعماق قلبي,
شاورمر,طريق الملك فهد الفرعي، العارض، الرياض 11564، المملكة العربية السعودية,4.1,2549,مطعم ممتاز,
شاورمر,طريق الملك فهد الفرعي، العارض، الرياض 11564، المملكة العربية السعودية,4.1,2549,كنك تطرهم طراره وانت دافع,
شاورمر,طريق الملك فهد الفرعي، العارض، الرياض 11564، المملكة العربية السعودية,4.1,2549,"The service is very bad. The workers don't care about the customer or delivery orders, and there are delays of over half an hour",
شاورمر,طريق الملك فهد الفرعي، العارض، الرياض 11564، المملكة العربية السعودية,4.1,2549,Just a shawarma 15-20 minutes unbelievable,
شاورمر,طريق الملك فهد الفرعي، العارض، الرياض 11564، المملكة العربية السعودية,4.1,2549,Caneli is very nice,
شاورمر,طريق الملك فهد الفرعي، العارض، الرياض 11564، المملكة العربية السعودية,4.1,2549,جميل جداً من ناحية اسعار و مكان و عماله,
شاورمر,طريق الملك فهد الفرعي، العارض، الرياض 11564، المملكة العربية السعودية,4.1,2549,Great!,
شاورمر,طريق الملك فهد الفرعي، العارض، الرياض 11564، المملكة العربية السعودية,4.1,2549,Goooods. Great store,
شاورمر,طريق الملك فهد الفرعي، العارض، الرياض 11564، المملكة العربية السعودية,4.1,2549,قرصه خفيف سريعه,
شاورمر,طريق الملك فهد الفرعي، العارض، الرياض 11564، المملكة العربية السعودية,4.1,2549,Good food,
شاورمر,طريق الملك فهد الفرعي، العارض، الرياض 11564، المملكة العربية السعودية,4.1,2549,Wow fresh and hot food i like it,
شاورمر,طريق الملك فهد الفرعي، العارض، الرياض 11564، المملكة العربية السعودية,4.1,2549,يا ليت لو ما فيها كلافه تهتمون اكثر باستواء الدجاج,
شاورمر,طريق الملك فهد الفرعي، العارض، الرياض 11564، المملكة العربية السعودية,4.1,2549,Camille is the best And most kind person,
شاورمر,طريق الملك فهد الفرعي، العارض، الرياض 11564، المملكة العربية السعودية,4.1,2549,جيت من مسار السيارات طلبت وجبه واحده فقط كان قدامي سيارتين بس والله اني جلست قرابة ٣٠ دقيقه او اكثر حتى !! وعند الدفع اخذو جوالي داخل عشان يدفعون ؟!! صراحه خدمه سيئه وفرع سيء,
شاورمر,طريق الملك فهد الفرعي، العارض، الرياض 11564، المملكة العربية السعودية,4.1,2549,طلبت من تطبيقات التوصيل السندويتش ناشف والله مافي نقطة صوص غير كمية الشاورما قليل باكل خبز بس سيى لبعد درجة لحد يطلب منو,
شاورمر,طريق الملك فهد الفرعي، العارض، الرياض 11564، المملكة العربية السعودية,4.1,2549,الموضفين محترمين، بس واجهتني مشكلتين، الاولى انه اذا بتخلي الشاورما حراق زيادة ريالين وفي التطبيق مكتوب زيادة ريال بس!، الثانية ان الشبكة شالوها من الموضف عند شباك الاستلام وحطوها في بداية الدرايف ثرو عند المايك وهذا الشيء متعب مرة كونها بعيده ويبي لك تقرب الموتر وقروشة.,
شاورمر,طريق الملك فهد الفرعي، العارض، الرياض 11564، المملكة العربية السعودية,4.1,2549,جهاز الخدمة للسيارات لا يعمل والدفع كذلك والعامل ياخذ بطاقة او الجوال من الشباك لاكمال عملية الدفع,
شاورمر,طريق الملك فهد الفرعي، العارض، الرياض 11564، المملكة العربية السعودية,4.1,2549,الاكل بارد,
شاورمر,طريق الملك فهد الفرعي، العارض، الرياض 11564، المملكة العربية السعودية,4.1,2549,ممتاز,
شاورمر,طريق الملك فهد الفرعي، العارض، الرياض 11564، المملكة العربية السعودية,4.1,2549,الشاورما لذي جدا لهم نكهتم الخاصة,
شاورمر,طريق الملك فهد الفرعي، العارض، الرياض 11564، المملكة العربية السعودية,4.1,2549,اخذنا وجبة موسم الرياض اظن من هالفرع كنا مسافرين جيده والبطاطس الذ شي بس مافي مشروب وب25 ؟ المشروب خارجي ب6؟ ليش مره مرتفع سعره .,
شاورمر,طريق الملك فهد الفرعي، العارض، الرياض 11564، المملكة العربية السعودية,4.1,2549,لا حول ولا قوة الا بالله! أمس أكلت عربو ونحيفات المطعم جبلي تسمم! أول مرة أتسمم في مطعم في الرياض من حوالي ١٥ سنة!!,
شاورمر,طريق الملك فهد الفرعي، العارض، الرياض 11564، المملكة العربية السعودية,4.1,2549,"I like ur staff name Camille , she is good and kind also",
شاورمر,طريق الملك فهد الفرعي، العارض، الرياض 11564، المملكة العربية السعودية,4.1,2549,Thank you Camella,
شاورمر,طريق الملك فهد الفرعي، العارض، الرياض 11564، المملكة العربية السعودية,4.1,2549,لم يعجبني رغم اني من عشاق شاورمر لكن هذا الفرع اول مره اجربه,
شاورمر,طريق الملك فهد الفرعي، العارض، الرياض 11564، المملكة العربية السعودية,4.1,2549,من أفضل فروع شاورمر,
شاورمر,طريق الملك فهد الفرعي، العارض، الرياض 11564، المملكة العربية السعودية,4.1,2549,Nice service by the workers specially Camille,
شاورمر,طريق الملك فهد الفرعي، العارض، الرياض 11564، المملكة العربية السعودية,4.1,2549,سريعين والي اسمها كاملا سريعه بتسليم الطلبات وتعاملهم جيد,
شاورمر,طريق الملك فهد الفرعي، العارض، الرياض 11564، المملكة العربية السعودية,4.1,2549,لان الموضوع تكرر نفس المشكله يوصلني الطلب بارد مليان ثوم وانا محذر بدون اي صوص,
شاورمر,طريق الملك فهد الفرعي، العارض، الرياض 11564، المملكة العربية السعودية,4.1,2549,طلبات السيارة تاخييير فضيييييع طالب ودافع فلوس عند شاشة الطلب والان تاخير ١٥ جالس في السيارة يعني ادفع عشان ما امشي وتتاخر ٢٠ دقيقه معقوله هذا الشي ؟!,
شاورمر,طريق الملك فهد الفرعي، العارض، الرياض 11564، المملكة العربية السعودية,4.1,2549,الاكل جميل والأسعار ممتازه لاكن الخدمه موب سريعه,
شاورمر,طريق الملك فهد الفرعي، العارض، الرياض 11564، المملكة العربية السعودية,4.1,2549,ممتاز جدٱ,
شاورمر,طريق الملك فهد الفرعي، العارض، الرياض 11564، المملكة العربية السعودية,4.1,2549,فرع فارق عن جميع الفروع موظفين وشغل مثالي وكل شيء طازج,
شاورمر,طريق الملك فهد الفرعي، العارض، الرياض 11564، المملكة العربية السعودية,4.1,2549,بالنسبه لي ولمن معي طعم ونظافه وسرعة تجهيز الطلب,
شاورمر,طريق الملك فهد الفرعي، العارض، الرياض 11564، المملكة العربية السعودية,4.1,2549,مميز,
شاورمر,طريق الملك فهد الفرعي، العارض، الرياض 11564، المملكة العربية السعودية,4.1,2549,طعم وجبة شاورما الراهية كان جيد,
مطعم البيك,GFV8 PXW، طويق، الرياض 13795، المملكة العربية السعودية,4.0,823,طلبت من جاهز وكان مندوب التوصيل سريع ووصل الطلب حار.,https://encrypted-tbn0.gstatic.com/images?q=tbn:ANd9GcQU4L0bpO9cEpNLt9ucBfRwM3Wpm66nrMRzKFMVMEkHEXW8F15kH3r_eH0q&s=10#delivery1_مطعم البيك
مطعم البيك,GFV8 PXW، طويق، الرياض 13795، المملكة العربية السعودية,4.0,823,التوصيل ممتاز، delivery rider وصل بسرعة وكانت التجربة جيدة.,https://encrypted-tbn0.gstatic.com/images?q=tbn:ANd9GcQU4L0bpO9cEpNLt9ucBfRwM3Wpm66nrMRzKFMVMEkHEXW8F15kH3r_eH0q&s=10#delivery2_مطعم البيك
مطعم البيك,GFV8 PXW، طويق، الرياض 13795، المملكة العربية السعودية,4.0,823,طلب HungerStation وصل بدون تأخير والمندوب كان محترم.,https://encrypted-tbn0.gstatic.com/images?q=tbn:ANd9GcQU4L0bpO9cEpNLt9ucBfRwM3Wpm66nrMRzKFMVMEkHEXW8F15kH3r_eH0q&s=10#delivery3_مطعم البيك
مطعم البيك,GFV8 PXW، طويق، الرياض 13795، المملكة العربية السعودية,4.0,823,المطعم يعتمد كثير على تطبيقات التوصيل مثل Mrsool وTalabat.,https://encrypted-tbn0.gstatic.com/images?q=tbn:ANd9GcQU4L0bpO9cEpNLt9ucBfRwM3Wpm66nrMRzKFMVMEkHEXW8F15kH3r_eH0q&s=10#delivery4_مطعم البيك
مطعم البيك,GFV8 PXW، طويق، الرياض 13795، المملكة العربية السعودية,4.0,823,الخدمة داخل المطعم جيدة والأكل كان طازج.,https://encrypted-tbn0.gstatic.com/images?q=tbn:ANd9GcSrn5MiDTa_cg9SdbR-DJ0gkyMY-lYqL5yKSw&s#normal5_مطعم البيك
مطعم البيك,GFV8 PXW، طويق، الرياض 13795، المملكة العربية السعودية,4.0,823,تجربة جيدة والأسعار مناسبة.,https://encrypted-tbn0.gstatic.com/images?q=tbn:ANd9GcSrn5MiDTa_cg9SdbR-DJ0gkyMY-lYqL5yKSw&s#normal6_مطعم البيك
مطعم البيك,GFV8 PXW، طويق، الرياض 13795، المملكة العربية السعودية,4.0,823,المكان نظيف والموظفون متعاونون.,https://encrypted-tbn0.gstatic.com/images?q=tbn:ANd9GcSrn5MiDTa_cg9SdbR-DJ0gkyMY-lYqL5yKSw&s#normal7_مطعم البيك
مطعم البيك,GFV8 PXW، طويق، الرياض 13795، المملكة العربية السعودية,4.0,823,الطعم ممتاز والطلب كان جاهز بسرعة.,https://encrypted-tbn0.gstatic.com/images?q=tbn:ANd9GcSrn5MiDTa_cg9SdbR-DJ0gkyMY-lYqL5yKSw&s#normal8_مطعم البيك
مطعم البيك,GFV8 PXW، طويق، الرياض 13795، المملكة العربية السعودية,4.0,823,الفرع مزدحم لكن الخدمة مقبولة.,https://encrypted-tbn0.gstatic.com/images?q=tbn:ANd9GcSrn5MiDTa_cg9SdbR-DJ0gkyMY-lYqL5yKSw&s#normal9_مطعم البيك
مطعم البيك,GFV8 PXW، طويق، الرياض 13795، المملكة العربية السعودية,4.0,823,الأكل وصل ساخن عند الطلب من delivery app.,https://encrypted-tbn0.gstatic.com/images?q=tbn:ANd9GcSrn5MiDTa_cg9SdbR-DJ0gkyMY-lYqL5yKSw&s#normal10_مطعم البيك
مطعم البيك,GFV8 PXW، طويق، الرياض 13795، المملكة العربية السعودية,4.0,823,غني عن التعريف,
مطعم البيك,GFV8 PXW، طويق، الرياض 13795، المملكة العربية السعودية,4.0,823,Food is delicious as usual. Thank you!,
مطعم البيك,GFV8 PXW، طويق، الرياض 13795، المملكة العربية السعودية,4.0,823,"This branch is located on Makkah Road before Al Muzahimiyah. I stopped for dinner and ordered a broast and a burger. I simply asked for a tomato sauce sachet, but the staff member who handed me the food rudely refused and shouted. I was stunned and felt embarrassed in front of the other customers. For me, the food was great, but the staff behavior was very rude. I think they may be under stress and need proper customer service training.",
مطعم البيك,GFV8 PXW، طويق، الرياض 13795، المملكة العربية السعودية,4.0,823,"Unfortunately, the atmosphere is not good for dine-in. Flies were sharing our meals, so the better option is takeaway or run away",
مطعم البيك,GFV8 PXW، طويق، الرياض 13795، المملكة العربية السعودية,4.0,823,أسوء تجربة تأخر نصف ساعه وجيت الغي ما كنسلو,
مطعم البيك,GFV8 PXW، طويق، الرياض 13795، المملكة العربية السعودية,4.0,823,جميل و نظيف و سريع جداً,
مطعم البيك,GFV8 PXW، طويق، الرياض 13795، المملكة العربية السعودية,4.0,823,الطلب يطول حتى يجهز,
مطعم البيك,GFV8 PXW، طويق، الرياض 13795، المملكة العربية السعودية,4.0,823,ماشاء الله,
مطعم البيك,GFV8 PXW، طويق، الرياض 13795، المملكة العربية السعودية,4.0,823,لاول مره اروح فرع للبيك ونفسية الموظف مش كويسه وفوق ماهو غلطان لم يخدمنا سيييييييييء لابعد درجه وموظف فاااشل ومعصب ومايبي يخدم من الاخر,
مطعم البيك,GFV8 PXW، طويق، الرياض 13795، المملكة العربية السعودية,4.0,823,ممتاز,
مطعم البيك,GFV8 PXW، طويق، الرياض 13795، المملكة العربية السعودية,4.0,823,افضل مطعم عندي واسعاره حلوه,
مطعم البيك,GFV8 PXW، طويق، الرياض 13795، المملكة العربية السعودية,4.0,823,من أسوأ الفروع لايوجد خدمة طلب من تطبيقهم,
مطعم البيك,GFV8 PXW، طويق، الرياض 13795، المملكة العربية السعودية,4.0,823,كل شي ممتاز ما عدا اسلوب العمال من الجاليه البنقاليه فيهم قلة ادب وعدم احترام,
مطعم البيك,GFV8 PXW، طويق، الرياض 13795، المملكة العربية السعودية,4.0,823,مزيدا من التوفيق والتجويد والتميز,
مطعم البيك,GFV8 PXW، طويق، الرياض 13795، المملكة العربية السعودية,4.0,823,لاباس فيه,
مطعم البيك,GFV8 PXW، طويق، الرياض 13795، المملكة العربية السعودية,4.0,823,البيج بيق افضل شيء,
مطعم البيك,GFV8 PXW، طويق، الرياض 13795، المملكة العربية السعودية,4.0,823,ممتازين الطعم والموظفين محترمين,
مطعم البيك,GFV8 PXW، طويق، الرياض 13795، المملكة العربية السعودية,4.0,823,البروست كان حلو,
مطعم البيك,GFV8 PXW، طويق، الرياض 13795، المملكة العربية السعودية,4.0,823,المكان جميع وممتع وله طابع اجمل من منا لم يجرب البيك وخدمات رائعه يستحق تكرار الزياره.. انصح فيه وبشدة شكرا لجمال الموقع وجمال التنسيق حتى الاكل لذيذ وله طعم خاص.. كانت اجمل ليلة بلقاء من احببنا..,
مطعم البيك,GFV8 PXW، طويق، الرياض 13795، المملكة العربية السعودية,4.0,823,"I m honestly frustrated with the morning service here. The restaurant s timing says it opens at 7 00 AM, but every time we place an order after 7 30 AM, we re told it will take more than 25 minutes. This happens consistently, not just once or twice. If you re open at 7 00, customers expect that the kitchen is fully ready to handle orders. The current situation is inconvenient, especially during busy mornings when people don t have time to wait that long. Either improve the morning service or clearly communicate if full operations aren t available right after opening.",
مطعم البيك,GFV8 PXW، طويق، الرياض 13795، المملكة العربية السعودية,4.0,823,المطعم زحمه وجيبين عاملين يباشرون والوجبات فوق بعض وبارده بطيئين وتناديه مايطالع فيك فرع سيئ,
مطعم البيك,GFV8 PXW، طويق، الرياض 13795، المملكة العربية السعودية,4.0,823,عندي ملاحضه انا اكثر من 7اشهور وانا اخذ كميه كبيه بس كل مرا مايلتزم بل وقت كل يوم 15دقيقه تخير واتأخر ممكن معاد ازور الفرع أبداً,
مطعم البيك,GFV8 PXW، طويق، الرياض 13795، المملكة العربية السعودية,4.0,823,تجربة جدا جدا سيئة مو معقوله مافي اي احترام للأرقام الموجودة على الشاشة يعني إذا صوتي عالي وايدي طويلة تمشيني يعني ٤ طلابات جايين بعدي واخذوا طلاباتهم وإذا ناديته تقول له رقمي قبل الشخص يناظر ولا يرد عليك وجوده المسحب سيئه والله من الموقع إلى البيت ٧ دقايق معقوله اتفاجاء ان البطاطس بايت والمسحب فيه طعم زيت محروق آخر تعامل لي معكم في كافة الفروع معى الأسف الواحد وده بجوده واحترام لذاته,
مطعم البيك,GFV8 PXW، طويق، الرياض 13795، المملكة العربية السعودية,4.0,823,ممتاز,
مطعم البيك,GFV8 PXW، طويق، الرياض 13795، المملكة العربية السعودية,4.0,823,طلبت وتأخر الطلب فوق 20 دقيقة وماهي اول مرة ، دايم كذا,
مطعم البيك,GFV8 PXW، طويق، الرياض 13795، المملكة العربية السعودية,4.0,823,ممتاز,
مطعم البيك,GFV8 PXW، طويق، الرياض 13795، المملكة العربية السعودية,4.0,823,كنت فرع طويق طريق جده بصراحه كانت الخدمه جدا سيئه فريق غير متفهم تاخير في الطلب ٤٠ دقيقه,
مطعم البيك,GFV8 PXW، طويق، الرياض 13795، المملكة العربية السعودية,4.0,823,منتاز جدا,
مطعم البيك,GFV8 PXW، طويق، الرياض 13795، المملكة العربية السعودية,4.0,823,مطعم لذيذ ماشاء الله تبارك الله,
مطعم البيك,GFV8 PXW، طويق، الرياض 13795، المملكة العربية السعودية,4.0,823,Jawahar La Jawad and La Jawab,
مطعم البيك,GFV8 PXW، طويق، الرياض 13795، المملكة العربية السعودية,4.0,823,رائع البيك ولو انه زاد ريال لكن لازال هو المتصدر,
مطعم البيك,GFV8 PXW، طويق، الرياض 13795، المملكة العربية السعودية,4.0,823,سي سي انتبهو منه عندهم نظام واسطه عط العامل ١٠ ريال يجيك الطلب بدري لو قدامك مليون,
مطعم البيك,GFV8 PXW، طويق، الرياض 13795، المملكة العربية السعودية,4.0,823,رقمك يجي ويعدي بس مستحيل توصل للموظف بسبب الزحمه,
مطعم البيك,GFV8 PXW، طويق، الرياض 13795، المملكة العربية السعودية,4.0,823,العمالة غير محترمين ولاينفع تحترمهم طالب محلي عطاني اكلي سفري قلت مو مشكله بفك الاكياس واقعد اكل اطلبه صينيه يقول مافيه سوي كلام روح كلام نفر ثاني !!,
مطعم البيك,GFV8 PXW، طويق، الرياض 13795، المملكة العربية السعودية,4.0,823,تاخير غير طبيعي والطلب من التطبيق غير مدعوم في الفرع هذا من فترة طويله!!! اكثر من ١٩ دقيقه انتظار والطلب لسى ما وصل..!!,
مطعم البيك,GFV8 PXW، طويق، الرياض 13795، المملكة العربية السعودية,4.0,823,شكرا,
مطعم البيك,GFV8 PXW، طويق، الرياض 13795، المملكة العربية السعودية,4.0,823,اقتصادي وجوده ممتازه,
مطعم البيك,GFV8 PXW، طويق، الرياض 13795، المملكة العربية السعودية,4.0,823,مطعم سي كاشير قليل الادب الي موجود بعد المغرب,
مطعم البيك,GFV8 PXW، طويق، الرياض 13795، المملكة العربية السعودية,4.0,823,روعة,
مطعم البيك,GFV8 PXW، طويق، الرياض 13795، المملكة العربية السعودية,4.0,823,اسعاره معاد هيب زي قبل,
مطعم البيك,GFV8 PXW، طويق، الرياض 13795، المملكة العربية السعودية,4.0,823,أخذت 2 بيق بيك ركبت السيارة اشم ريحة كريهه من الأكل انتبهو يا اخوان,
مطعم البيك,GFV8 PXW، طويق، الرياض 13795، المملكة العربية السعودية,4.0,823,غني عن التعريف,
مطعم البيك,GFV8 PXW، طويق، الرياض 13795، المملكة العربية السعودية,4.0,823,بطيئ تأخير بطيئ تأخير,
مطعم البيك,GFV8 PXW، طويق، الرياض 13795، المملكة العربية السعودية,4.0,823,عندي بعض الملاحظات التي خلتني أتردد في زيارة مطعم البيك مرة أخرى ،وأتمنى أن تؤخذ بعين الاعتبار أولًا المطعم مليان رجال مما يجعل دخول النساء وسط هذا العدد الكبير صعبًا وغير مريح ، ياليت توفير شباك خارجي أو تخصيص مسار مستقل للطلبات الخارجية لتسهيل الخدمة وتنظيم الحركة بما يراعي راحة الجميع. ثانيًا الوجبات كلها مو متوفره اكثر من مره اجي يقولون مخلص وحنا ببداية اليوم! ،نأمل تحسين إدارة المخزون لتفادي تكرار هذا الأمر. ثالثًا تطبيق البيك لايوجد فيه هذا الفرع اكثر من مره حاولت اطلب لكن لم يتم تسجيل الفرع في التطبيق ،اتمنى لو تحديث التطبيق وإضافة الفرع لتسهيل الطلب على العملاء. أنا من عملائكم الدائمين وأتمنى أرجع أزور الفرع قريب بعد ما يتم تحسين هذه النقاط,
مطعم البيك,GFV8 PXW، طويق، الرياض 13795، المملكة العربية السعودية,4.0,823,البيك يفوز,
مطعم البيك,GFV8 PXW، طويق، الرياض 13795، المملكة العربية السعودية,4.0,823,مطعم بطيئ جدا فالخدمة طالب ١ مسحب حراق وانتظر فوق الربع ساعه ليه ؟,
هرفي,FH6M 6VP، طريق الملك عبدالله، الوبرة، المدينة المنورة 42371، المملكة العربية السعودية,3.7,885,مريتهم حصلت عمال 2 فقط ويقول ماتقدر تطلب إلا بعد نص ساعه وغير كذا يقول يطول طلبك بعد نص ساعه والشكاوى هرفي مايردون وش الاستهبال,https://lh3.googleusercontent.com/gps-cs-s/APNQkAEF3OAw01A2vCDZBJsrUs4TPRA2Z6-Cui813tt0UkpXz1ZMxz15XSPfkilUAVpFVy-RtyIne_Bz9dPqqmZ50_jm1eGrbwVLF74ky3gpyxspaFnG7YSOQKWI15T_p7_XF30YcQUj7BWhH8Y=w1920-h1080-k-no
هرفي,FH6M 6VP، طريق الملك عبدالله، الوبرة، المدينة المنورة 42371، المملكة العربية السعودية,3.7,885,يتاخرون في تسليم الطلب هاذا وانا طالب من الموقع يعني من بدري طالب,https://lh3.googleusercontent.com/gps-cs-s/APNQkAFwEzGlhwS2mgn6IIow1LheuSJuX5L_nduldQxacXcz4LHHlWIvdwyl3JVO8S1sxSjgWJjKlNw8xk8pQ_3ACwSX8bhNjWzBkcsiddZVK2c_D-QpfgIWD-uTanHcuE-gmmJ3A6oW1A=w1920-h1080-k-no
هرفي,FH6M 6VP، طريق الملك عبدالله، الوبرة، المدينة المنورة 42371، المملكة العربية السعودية,3.7,885,اقلك من نص نجمه ما يستاهل حسبي الله ونعم الوكيل موظفه سيئه بما تعنيه الكلمه,https://lh3.googleusercontent.com/gps-cs-s/APNQkAH30W6AQB5WCRQ-K6rKQO020gdnaqxzJA5KIjOBeAH_S-5dgrcmyn8iJWZMk4iKlNOvwGXlrbs3WBCXwr24mIh8j-_bWk3NKU0ItlMP6h-cPXrCgyWihmSMqubxvCk4R5F4V-_EZkfIXFdR=w1920-h1080-k-no
هرفي,FH6M 6VP، طريق الملك عبدالله، الوبرة، المدينة المنورة 42371، المملكة العربية السعودية,3.7,885,العامل غير متجاوب والخدمة سيئة,https://lh6.googleusercontent.com/proxy/wnKJXk_hbSsZZ9eTwH_pDq5PYvUx4x3eOWrTAHW0GlaPtdQs7PuDQ2wXd_4pnU5iGPCvIbSWHHrs853Dwtqp0wGFroORKQYe3hHd-p9aca8Vn3UrkTnQETVAB09kys9lEsy_eSzSxQcwXE_sr-x6-Mv6dSUQfY8=w1920-h1080-k-no
هرفي,FH6M 6VP، طريق الملك عبدالله، الوبرة، المدينة المنورة 42371، المملكة العربية السعودية,3.7,885,عندهم فطيرة تفاح ألذ فطيرة تفاح ممكن تجربها,https://lh3.googleusercontent.com/gps-cs-s/APNQkAFsNWZYJc6jDRftPRKjEMG4ZzC8Dihxwwnr5XtUYEL6u2zy5Z4AkcKVtPf84XOXai_P1gs6Y_myL6yhfNQugI_Sl1SDshRGnfMGZtmceCFqH3nSHdpP7SUty8rsozLRUuokIdzT=w1920-h1080-k-no
هرفي,FH6M 6VP، طريق الملك عبدالله، الوبرة، المدينة المنورة 42371، المملكة العربية السعودية,3.7,885,الصراحه الطعم حلو والوجيه حلوه بس المشكله بتعامل الموظفه السمرا المحجبه تعاملها سيئ جدا ياليت يطردونها من هرفي تعاملها جدا سيئ اما الموظفه المنقبه تعاملها أكثر من رائع الله يسعدها ويرزقها ويوفقها,https://lh3.googleusercontent.com/gps-cs-s/APNQkAGj45Eog0vN7CRW7IK4E1TDMOIhSxS5MnQ7R9qkZIiLHYv8CjqC32ueb3i1nr_9tuW5F8sqye30N17ffwlk4ieIzm_P6Wxy9B9ws7HCaLJNj-hFAE048eObXEm3nmpVRnMJcfM2Pw=w1920-h1080-k-no
هرفي,FH6M 6VP، طريق الملك عبدالله، الوبرة، المدينة المنورة 42371، المملكة العربية السعودية,3.7,885,خدمة سريعة موقعة داخل سوق جميع الخدمات متوفرة يمتاز بالسرعة وجودة الاكل,https://lh3.googleusercontent.com/proxy/x0KDnIaRwNNJ9EyiOYZp5JZ81XsPrnaprhGrRCWdFhejhYnZLp0hgZi6cEMFB-CzerrSpRwFD86kC-i50DgY3OCdh5l1erkzfLz4O8Ac_3HJPQjEEkF1mu7rJv37SJNvxmS03E5Uhv2B5oKJtVf_U4tLASgsD14=w1920-h1080-k-no
هرفي,FH6M 6VP، طريق الملك عبدالله، الوبرة، المدينة المنورة 42371، المملكة العربية السعودية,3.7,885,الخدمه سى جدا الموظفه شايفه نفسها واسلوب مو كويس حسبي الله عليها بس,https://lh3.googleusercontent.com/proxy/fu5VvPs2r2dJd3aT6cAlM9Ohs3ZfM_p9T8PZcmxxclwn4d-e_aB95jexTkSDPxy4Lkdk2X4Aul61guux9RNjbqLe9pPQguB-avicTpRLY14q6pMVR4sYvHvWrCo1fH-4nfVfLxlqEA4W7GMSZVWgSPVlyYrv2A=w1920-h1080-k-no
هرفي,FH6M 6VP، طريق الملك عبدالله، الوبرة، المدينة المنورة 42371، المملكة العربية السعودية,3.7,885,طلبت الي هو بوكس الحلم وجاني الطلب ناقص بدال 4 حبات نقت عطوني 3 ، الاكل كان بارد مع اني اكلته على طول ، ما اعطوني الاكل بصندوق حطوه بكبس ودفوني وماكان في صوص الباربيكيو,https://lh5.googleusercontent.com/proxy/3y5DupntqEmeuPTspn3m3IgXGG3SgLwrYpRxo1QwA4WRFRyf-qC9eKpXS4LF0cbb1bKYeTZvO9V2WP5WqsiwusvlBeb5dMjCz9Y8B4-xNtwNlai_P-AzDWPG_MH42Sj1BblUI0nPUB4wwrjVq8esHLtoI-xD6Q=w1920-h1080-k-no
هرفي,FH6M 6VP، طريق الملك عبدالله، الوبرة، المدينة المنورة 42371، المملكة العربية السعودية,3.7,885,طلبت قبل امي الوجبه الي تجي برقرين مع بطاطس وعصير رمن يومها متسممه انا وبنتي الصغيره غثيان...والله اني من يوم شريتها شفت الخبر معرفج حسبي الله فيكم بطني مقلوبه يومين للان ما اكلنا,https://lh3.googleusercontent.com/gps-cs-s/APNQkAE2oz_FirHSNEn6Lk_QwCplncjyL_AdIhj1o21G81V0WIbPHorRiokZhrm7dR5UzsRV63QXcWnsB-mibYPlbP636b4-8R3VDsHCs3cNw2qbwGhRri4hk_ACjghKYzm2h746SHL6=w1920-h1080-k-no
هرفي,FH6M 6VP، طريق الملك عبدالله، الوبرة، المدينة المنورة 42371، المملكة العربية السعودية,3.7,885,طلبت منه عن طريق مرسول الاكل لذيذ جدا لكن السعر مبالغ فيه,https://lh3.googleusercontent.com/proxy/qLkktJDpeL1_VxVkcPH9DWsPgZnkI532W4ZIVoZoFDjBTk_mAf-QvbrSm3gks3Qos7KW6AetjQofD4-tkQp5OFEigN6iY2ELh1JUvlGU9OgZsLrTakHtsMJdecyJOLCCUPpvoRJsUjrdiLGr8CrMRlLKU3lhYA=w1920-h1080-k-no
هرفي,FH6M 6VP، طريق الملك عبدالله، الوبرة، المدينة المنورة 42371، المملكة العربية السعودية,3.7,885,داخل المول مميز وساعات العمل لين ١ صباحا جلسات رائعة داخل المول,https://lh4.googleusercontent.com/proxy/atWjaDmnBM8vS7mNhyGT3q7HGSI1b2dah6j1WBmKi1yt4Oh5twdQLtlKblfKWJepNJkExgb27Oapa6pkgY5tRNiD_zzcmjI4sV1v7pC2fZwuIhRJnodpsq_0JmyQinIZCx2Vi4-apyaoFhHYZ7Emu2GztBTLmxs=w1920-h1080-k-no
هرفي,FH6M 6VP، طريق الملك عبدالله، الوبرة، المدينة المنورة 42371، المملكة العربية السعودية,3.7,885,ما شاءالله افضل خدمه خاصة مع محمد البشاوري,https://lh5.googleusercontent.com/proxy/N9mWeNFk-jDVYVqVBzBS2VBa2KSYGYd7Mmqer4abB1ehZ3-C6Kf5_YzH4scjs5q0Kizh8VrDdesoVfmmg8GZ8auOVHLeyiyIocbow6s4wQfRBt9GDlUAqx0EqbA_grqRSOVj3ii4xd-WkJHgC8Kxz74uV498Ato=w1920-h1080-k-no
هرفي,FH6M 6VP، طريق الملك عبدالله، الوبرة، المدينة المنورة 42371، المملكة العربية السعودية,3.7,885,الموضف المثالي محمد بشاوري خدمه سريعه وعروض مناسبة في المنار مول الله يعطيك العافية,https://lh3.googleusercontent.com/gps-cs-s/APNQkAEwp4qPE5FdMvNBa14gAWyUUs7k0rXXngg2TrdmgA4vSVLOIHHJfE8QA42eIocUTsjZkptTQ78q8BPYkRsYR5m8P8474IDgVpjQQDNja59b5T6wtLWCQuXQ0x_nHIxntBMUAaJ1zQ=w1920-h1080-k-no
هرفي,FH6M 6VP، طريق الملك عبدالله، الوبرة، المدينة المنورة 42371، المملكة العربية السعودية,3.7,885,اسوء موظف تعاملت معه الي بالكاشير ، طلبنا مرة جينا نبغى نزود اقله وش الساطات الموجودة يقول خلاص مافي طلب,https://lh3.googleusercontent.com/gps-cs-s/APNQkAE2Z18nYH7aTi4WeiRags6j8qXN9VUj_VEdfvJPnmWcAwC0MN015JS0Kh7n8dbTHu0V19B6WYIUF4RwYAElz7cxCjpkePPaoBYKAefbOen_oqL8wQbhKrI1nYUuCHw0bJ1QqV75=w1920-h1080-k-no
هرفي,FH6M 6VP، طريق الملك عبدالله، الوبرة، المدينة المنورة 42371، المملكة العربية السعودية,3.7,885,"Ci sta con i prezzi per il cibo senza gusto, da non consigliare",https://lh3.googleusercontent.com/gps-cs-s/APNQkAEtjcXSa9XDSQXemC3VVy2_2Kbm-c7Ef1NvpdB2OTnImE7CPxnYnCJL9No_8omCXa-E-Dl8ybB5xpinXQZTp3wqee6tenRKY8_uGbG4kBKWSpcnAHQJwQPnFeiyWFbxDyh9Mrk=w1920-h1080-k-no
هرفي,FH6M 6VP، طريق الملك عبدالله، الوبرة، المدينة المنورة 42371، المملكة العربية السعودية,3.7,885,الخدمه يعطيهم العافيه وشكرا لهم المفروض ينتقلو لمكان افضل من مطاعم هرفي اما بخصوص الاكل ماهو لذيذ والزيت كثير والطعم فيه شي طلبت تورتيلا مشوي نيه وماهي مستويه والسعر غالي غالي طلبت 3 وجبات مدري 4 ب156 لو رايح مطعم مشاوي او البيك مادفعت ذا السعر ذا كله,https://lh6.googleusercontent.com/proxy/pZjYlPp2rTAeDhXVRdUwqyo4TPP5fJ7PKy75G875w1CEGpY72vkxZxDs9EIT_JlHAFCuMAUav5tIvce6AAWcPDBqL6jC5Ay5zYKgHRZqGODzJS22b-QkcH6VNUfCrcBG-NHy8e67YF_wn7JtyoDr8A_ecFer4eY=w1920-h1080-k-no
هرفي,FH6M 6VP، طريق الملك عبدالله، الوبرة، المدينة المنورة 42371، المملكة العربية السعودية,3.7,885,للأسف والله سئ لا بعد درجه في التعامل 1- عندهم عرض 50 بالميه على الطلب الأول ولا عطوني اياه 2- كل ماطلب طلب يقولوا كله نفس المتج ليش حاطين منيو 3- قالو كل وجبه معها هديه للأطفال ماشفت شيء للأسف سيئين ولن اكرر الزياره ابدا مع هرفي,https://lh3.googleusercontent.com/proxy/4nGF5MeYUO9EZLpjGo62oO3DWxB9fBPQad_jGlENQVX5J2qLb-0-5AUSfjJ1wTah2C1cyg4wr6aA-0H1wDdffBqkOp-PEGR-XcOrHUOgUYHzFn7STH1WWUwUo0PcZvPnkeMnPso9bWj9ruYfMQXDqGoOxPctBzk=w1920-h1080-k-no
هرفي,FH6M 6VP، طريق الملك عبدالله، الوبرة، المدينة المنورة 42371، المملكة العربية السعودية,3.7,885,رائع جدا,https://lh4.googleusercontent.com/proxy/8ZvyPwVyNj_mbDFPq2xhUzWzUvsiEhilgJvIWJAM-L1MtLrKI_pqQPHjWfkYPUlNhfzRunUwr763SlvU-85Q9_7EO2s08nmqu-wrP367pE2UPC9O5V4DlqZ8lshjmAmQ3ATN2qY9is9EEFGCMDP6l3g0oKCDHA=w1920-h1080-k-no
هرفي,FH6M 6VP، طريق الملك عبدالله، الوبرة، المدينة المنورة 42371، المملكة العربية السعودية,3.7,885,الكاشير البنت ماعندها اسلوب بالتعامل وتحتاج تدريب .. كنت انتظر بالطابور ودخلوا علي اطفال وتمشيهم وتسحب علي بدون ماتستاذن مني وفوق هذا تسجل الطلب على مزاجه بدون ماتسالني وسط او عادي او كبير وقالت فيه عرض تدفع ٣ ريال تاخذ ناجتس وقلت اوك اعطيني وحده مع الوجبه واعطتني اثنين على مزاجها تسجل,https://lh3.googleusercontent.com/gps-cs-s/APNQkAE77UbIvNLt4Wp1Z0hWE2P4cfbnNVxH_zDixWau8esMS3Qmdf36ofz9nhQs5vBaj7PEtk5itjR_gSGbiVTKz7fW_xlI1l_lj740vrNWo8o1-fmJ-5igcKpWkRaF_D2IbFJgEA4F=w1920-h1080-k-no
هرفي,FH6M 6VP، طريق الملك عبدالله، الوبرة، المدينة المنورة 42371، المملكة العربية السعودية,3.7,885,طلبت فطيرة تفاح طعمها دجاج يستخدمو زيت قلي الدجاج لفطيرة التفاح الله يكرم النعمه,https://lh3.googleusercontent.com/gps-cs-s/APNQkAF2Hd1TqRy6UO8I7_iYbVhsbAvEOO15FwEps3VksuLfb3DsEEN-hTs1YJiWqLFSQCKdTBSNy4dn6ayqJKIyQbGQ0WPAxSgRstnUS8LWOj54VgJudcSnYC4PqQfezbFp227v6OFSEg=w1920-h1080-k-no
هرفي,FH6M 6VP، طريق الملك عبدالله، الوبرة، المدينة المنورة 42371، المملكة العربية السعودية,3.7,885,"Loved the food, that's why I am frequent buyer.",https://lh3.googleusercontent.com/gps-cs-s/APNQkAHx1zR4LZ_qIJrUwlKiBXIxq_qX2mczEjwlXP_Sku3VEjUTQ4hO2ZlLFvnrsapQdbdnb8-0usgpYmlauFq6zBR9LiJspgeNHc-1SaR_UOtAaozr-FqFFdUjSjYWXmlFoEzXQdqBBg=w1920-h1080-k-no
هرفي,FH6M 6VP، طريق الملك عبدالله، الوبرة، المدينة المنورة 42371، المملكة العربية السعودية,3.7,885,يجب ان يكونوا ع ستاندر معين وممتازيين,https://lh3.googleusercontent.com/gps-cs-s/APNQkAGssToiQRdhFMNx8h8WnASPNGcxlgV1ghZNf9oDidBA8uwCTI2V-yZ3XadmiwsjoDjq591bS8f3IVunXbL8lYRdRc281LhuSLXQTZ6W_jsFBppVb-lJF4O05Ocvhy4UZGUgcJtbDg=w1920-h1080-k-no
هرفي,FH6M 6VP، طريق الملك عبدالله، الوبرة، المدينة المنورة 42371، المملكة العربية السعودية,3.7,885,يستحق اعادة التجربة,https://lh3.googleusercontent.com/gps-cs-s/APNQkAFOSulmGFkIFcn8q8yDqzQt84EEX55TFBdSY9xbBaLo1STLToioZWGp4MCq-78zkOhYYwKWPbnU4a8bzVkeXs4-bq2rV8OsKPUcZO-TkQrlZ4I7cb1cTJ2t2mCC_a2DqsiHbYfWRQ=w1920-h1080-k-no
هرفي,FH6M 6VP، طريق الملك عبدالله، الوبرة، المدينة المنورة 42371، المملكة العربية السعودية,3.7,885,مطعم نظيف,https://lh3.googleusercontent.com/gps-cs-s/APNQkAFfh3EJ2wbzcSCt3qF1LS6DRPdWLKdUkAEIse_YHYXKKVImaIcUOCHhgcz7D7lOXHz2kSKapCBQpkbYLJkJlaFe9Jnj3UC49l14FnhwwTpyRZoh3Kup2Zb5NqVCsu-oHKRUskpqjA=w1920-h1080-k-no
هرفي,FH6M 6VP، طريق الملك عبدالله، الوبرة، المدينة المنورة 42371، المملكة العربية السعودية,3.7,885,مقرف مقرف لابس قلف وطاحت كيسه بالارض وشالها وجته مكالمه وكلم بالقلفز بعدها راح يسوي البرقر,https://lh3.googleusercontent.com/gps-cs-s/APNQkAH8uSQB0HvGm_myAxpR3iIQzIm1OJO6jF7CD3jwv7ReDFgrO58cJxJPc4qIwJjfz54oTvGl6PU1Uuvp2TdqVlZGb82rYMnjhfbvkIVYBp4lfGYQ64HQ3ObcwnOlrgHDPPc5uSxl=w1920-h1080-k-no
هرفي,FH6M 6VP، طريق الملك عبدالله، الوبرة، المدينة المنورة 42371، المملكة العربية السعودية,3.7,885,الأكل جودته ممتازه ونظيف والاسعار منافسة والخدمة اكثر من رائعة وخاصة من الأستاذه عبير ، احمد التميمي,https://lh3.googleusercontent.com/gps-cs-s/APNQkAGjXe2JAJ2Yf1T9ngcqe70hnSVeB6arS_a4uMPAOccGpmcF1NOVbdh9CauJbxetzbG2h4JPzKoptFpttdSvUQejEU3Gn4RaJ-yUt7xbq0pkpi20huINStxsXAwNfV_mfjyl0DSa=w1920-h1080-k-no
هرفي,FH6M 6VP، طريق الملك عبدالله، الوبرة، المدينة المنورة 42371، المملكة العربية السعودية,3.7,885,العروض حلوة بس الطعم بلاستيك والعصير شخان بعير الحسنة الوحيدة التورتيلا اسطورية,https://lh3.googleusercontent.com/gps-cs-s/APNQkAEH9TJl8HGpn3MbJ9gNH5NyBMEyR3OeW5C4Fbll5ezB9RQiXXgPIdz5mIhev_KllqyAyENlaaO2u6ebbZkiNC5q9nqQQb3uEj8htAVNUbX6Lk1BjpI6xSjOYPgdKwxxynG-aEtTLA=w1920-h1080-k-no
هرفي,FH6M 6VP، طريق الملك عبدالله، الوبرة، المدينة المنورة 42371، المملكة العربية السعودية,3.7,885,طعم الدجاج مصدي الله يكرم النعمه,https://lh3.googleusercontent.com/gps-cs-s/APNQkAGx8iT6Q1pREJpSgVxRJuc-aTfq-fIhMeK3is5A0ioPmuCZIDYirDHvADKfSuAqyn7aMawBDGz9dlh01EDkJD4BzxYubxcwmb-UWYTV25k9GmXNK9Yu9-Va18e7Tu7ldc9ZuBnX=w1920-h1080-k-no
هرفي,FH6M 6VP، طريق الملك عبدالله، الوبرة، المدينة المنورة 42371، المملكة العربية السعودية,3.7,885,I love the food but the sauce doesn't taste little good but still Good,https://lh3.googleusercontent.com/gps-cs-s/APNQkAEJEjOhyL0qCDh8NI3t7om8yPiR56gKuhNctmUVyC8uuzPkLmHYWn6zby7MWlTR1iyVl4wlpMDc_rFgk2YGbqQ_7MTPMgMB7GIEqJRWCyZytKNBtRAPBJI3Hvfz0U3rBKIpYQa3=w1920-h1080-k-no
هرفي,FH6M 6VP، طريق الملك عبدالله، الوبرة، المدينة المنورة 42371، المملكة العربية السعودية,3.7,885,مكان جميل والجميل انك تري شاب سعودي يقدم لك الخدمه بكل سرور ويجتهد في ارضاء الزبون هاذ ماحصل معي مع الموضف الخلوق. البشاوري نعم الموظف. وخير من يمثل جيله,https://lh3.googleusercontent.com/gps-cs-s/APNQkAHBEyXzSCwktw_hdN4cO1Q06cjWkUM6UJVJkcFFLGT08k9x3na9ViVoHgo05at0RZYSWC80xBs4n1mNVdeZLnIQEy79PRM9mBPC0W8ZDvmXqannQZ2_6Blr9k4URJEh9lMw__4B4A=w1920-h1080-k-no
هرفي,FH6M 6VP، طريق الملك عبدالله، الوبرة، المدينة المنورة 42371، المملكة العربية السعودية,3.7,885,يعني فوق أنه غالي مقارنة بالبيك مثلا متاخر وكانه قاعد يذبح ذبيحة حالاااا بالاااا ... اخر مره اخذت منه قبل٥ سنوات،، وكانت غلطة اني رجعت طلبت منه. ماتسوى كل هذا الانتظار ابداااااا,https://lh3.googleusercontent.com/gps-cs-s/APNQkAFD4Hxhnip8nZYrQI2YCHpF1QI32aJbhRmWEfrdFQzvThgTtv8MGaJK1_ucsjDgsa78-aSEF1p5haRsuvJgewj2fRjUU6DS83Q1btmFNl2LUhiTRlCRx30StW_ExMVPnjxgdstY3g=w1920-h1080-k-no
هرفي,FH6M 6VP، طريق الملك عبدالله، الوبرة، المدينة المنورة 42371، المملكة العربية السعودية,3.7,885,الطعم لذيد,https://lh3.googleusercontent.com/gps-cs-s/APNQkAHFgbLvNKsr3PrOiQAu4HqcKNOF_8YyG82qouMDq3PYK53ibsSOvfuHQmITeO3DKt1mfHgoSRnIqN1yt3eg-FcNrdJWlHfVBAGKFEUP-twe2mUN5Tos5SZVsSS8qVRLvu7pEphD=w1920-h1080-k-no
هرفي,FH6M 6VP، طريق الملك عبدالله، الوبرة، المدينة المنورة 42371، المملكة العربية السعودية,3.7,885,لم أعجب به علي المستوي الشخصي,https://lh3.googleusercontent.com/gps-cs-s/APNQkAF-U00x002DVYeqWZrDDgNVWz3Ifdckq1W_P3C1Wet6YB1VAqtg_fa-70eF-p7klTS7wkUP9GvDoKLtEbjFIrn4g9AS6qb1qzj1Kl8bSNTSHXEV8NKxO_AkNrNlhtUDjRIjDnfZuQ=w1920-h1080-k-no
هرفي,FH6M 6VP، طريق الملك عبدالله، الوبرة، المدينة المنورة 42371، المملكة العربية السعودية,3.7,885,الوجبات جيده بس معامله مش جيده علشا ن العداله ممكن يكون زعلان من شي بس الزبون ماله دخل,https://lh3.googleusercontent.com/gps-cs-s/APNQkAEYHLB6a_9DgPLxGKxfvy0iPd4mratPrELNJsXY7D21kyCiMZbfmroTG4y7yymXMxunnawzws6G7ohiN6Zr1htBKuaGV2t5mAvqxlyNrG2EadOwjU5bgXc6DkIsMmMQXYH3Rw7x=w1920-h1080-k-no
هرفي,FH6M 6VP، طريق الملك عبدالله، الوبرة، المدينة المنورة 42371، المملكة العربية السعودية,3.7,885,العامل اللي يحاسب نفسه يجهز الطلبات والمشروبات بطء في الخدمة غير طبيعي,https://lh3.googleusercontent.com/gps-cs-s/APNQkAHm3CWjOl48ej3BYVmJ1frT_lfhVNeWkgrYhSIg0KwcIZnP_I_2prQBoANNHiXjpkDoxF0xXBBrmTlhoxh6zLYjX6G2IqIcom9WRrBzQNVdoxCf-oYIkyScBo474MTOPzLjQAkFcd4vTtlz=w1920-h1080-k-no
هرفي,FH6M 6VP، طريق الملك عبدالله، الوبرة، المدينة المنورة 42371، المملكة العربية السعودية,3.7,885,وجبة الاطفال معفنه ..حتى البزورة ماعجبتهم,https://lh3.googleusercontent.com/gps-cs-s/APNQkAF8KU9gxWGqIHvCq7DpV0-EjUI0uBjmy6mtaGSuMM2k3WNMapL9xKZlMJ_stF-GAEiTV14gBiQfmijQgSkpZaydFUmKOHCSN7yN2eobnWL_ICOm9Uoxup261rkIsnfzbEf_PFQ=w1920-h1080-k-no
هرفي,FH6M 6VP، طريق الملك عبدالله، الوبرة، المدينة المنورة 42371، المملكة العربية السعودية,3.7,885,للأسف كثير من الأحيان هرفي، يحمسني لوجبة وبالاخر تطلع مخيبة للأمال، المطعم جيد ونظيف ومافيه زحمة، والوجبات التقليدية محترمة، لكن كثير من الإضافات الجديدة تخيب الأمال واسعاره افضل من منافسيه,https://lh3.googleusercontent.com/gps-cs-s/APNQkAF2zTotUJtHSNUF99EN5nP8aIHnibVT2vIiXQqifYKWJVMQpmWYXES9L41JfZDDQNkTkCTktndO2VNUA-eSx5gaOaflwNZTSWh-raVd7wKD15Uv7R2n0QSrNPAAKXLAnbnqe_IF=w1920-h1080-k-no
هرفي,FH6M 6VP، طريق الملك عبدالله، الوبرة، المدينة المنورة 42371، المملكة العربية السعودية,3.7,885,لذيذ,https://lh3.googleusercontent.com/gps-cs-s/APNQkAG9ENbWRK0LPbd6IKacNE4BHmCnL80QmtW2VNB5vAvJRan76AceXDk0-dkfJapMlI5AyLw2lIRaXNlyB1hqdycNG6dLN848fr6lx6PlnnvF6c0_me1bmwwa3YIy-uzxNwisJDMU=w1920-h1080-k-no
هرفي,FH6M 6VP، طريق الملك عبدالله، الوبرة، المدينة المنورة 42371، المملكة العربية السعودية,3.7,885,كوياس ماره,https://lh3.googleusercontent.com/gps-cs-s/APNQkAGLxT_Y1LrI5sJozTy6zTF5GWtgkjUr2kDAgHm7YloUOcvxZT9fGzGeaY-GkWMic5Diqq7rImqA3dFGUtSiPOmV9U1q0Cx6pn0H9XznopHDE-NwvcUHtJKHp4IgRbaSN1jW2K4K=w1920-h1080-k-no
هرفي,FH6M 6VP، طريق الملك عبدالله، الوبرة، المدينة المنورة 42371، المملكة العربية السعودية,3.7,885,وجباتهم رائعة ومتميزه وخدمة العملاء ممتازين,https://lh3.googleusercontent.com/grass-cs/ANxoTn06d9_CR15M3f-qE_Sy2QiuBVDDfNNmjIGV8-UKgsWvACTebRaYJ-TFDUTFvcn3c3-8Lpzi_QppSgm0bnmwVkf9jfYgZg4fwmWzJo1TotONGV3r6cF6LYJp_FVjtL_UonP7l4PM1MdZLFVz=k-no
هرفي,FH6M 6VP، طريق الملك عبدالله، الوبرة، المدينة المنورة 42371، المملكة العربية السعودية,3.7,885,من الاخرررر,https://lh3.googleusercontent.com/grass-cs/ANxoTn3Auo5inVBq1k3fXDc7Si5pMvvmGTdIgCHgqCkaXYHMLIPmUbZ_WDYCANO9gDI0gIv1zcWzCV3DAvbQQN8X-AxfOoEo6rpbZigJ87sfYk59bQjghMxBb-9yUR_wMRvVem5QVR7uqTdfLuo=k-no
هرفي,FH6M 6VP، طريق الملك عبدالله، الوبرة، المدينة المنورة 42371، المملكة العربية السعودية,3.7,885,غني عن التعريف رائع جدا,https://lh3.googleusercontent.com/grass-cs/ANxoTn1QqmSIUBcW8QpzUpoopg5Q6A2WYso2NaU3rQOJwHoV0HJEGU7ORrPgDaNtChKHhwV_QYvPP8xdB3RTMXFzM-d5QvlCBvyhUl99pt0JoEHzgZl93MyvWP_mrTUBpkfVLp8zdoJetb0QOy5Q=k-no
هرفي,FH6M 6VP، طريق الملك عبدالله، الوبرة، المدينة المنورة 42371، المملكة العربية السعودية,3.7,885,غالى جدا,https://lh3.googleusercontent.com/grass-cs/ANxoTn0AoISD53s8fqX-VoabhezHmitrbWi4LajyEnt2OwT0dc0fV0d7fbpNe6iOYX4cduFrbm-5SHu2vbl5bIAV70KI75_eKdbotDnTmzfvUSpBUIrjNiWstKKbt_2ahG96HYvYjYNcmQ=k-no
هرفي,FH6M 6VP، طريق الملك عبدالله، الوبرة، المدينة المنورة 42371، المملكة العربية السعودية,3.7,885,اخدت الوجبة الجديدة الي عارضينها دجاج مقلي محشي موزاريلا الدجاج محروق وفيه طعم حرق ماكملت السندويش الله يهديكم,https://lh3.googleusercontent.com/grass-cs/ANxoTn1BuyrL1R_1gt3yLpUYA9pHcMcN4DCqSbVS4MpdE_sg1B8Mk8AeCvNBIqJxsHF4uyM5JAsVBwhuYTZKQLtnXx3mhykH-QHB8oZr-R2KEURrKh5ZXAinC_UB04spvS1VxtqHc2tH2g=k-no
هرفي,FH6M 6VP، طريق الملك عبدالله، الوبرة، المدينة المنورة 42371، المملكة العربية السعودية,3.7,885,تابع لسلسلة مطاعم هرفي,https://lh3.googleusercontent.com/grass-cs/ANxoTn14e05wTE4bKdQHs1Ij1ZWH-AsKRvAyZYWzWeVZc-1KIb6Zoju_c_XJf8Cd7HBA_HG-8VvZuUkzeN-Q_h5efvht2EQ3w07B3hz4QMMXHZAkGM6qQVz7GSvz__EDSZd3dsuIbPw=k-no
هرفي,FH6M 6VP، طريق الملك عبدالله، الوبرة، المدينة المنورة 42371، المملكة العربية السعودية,3.7,885,لا باس فيه,https://lh3.googleusercontent.com/grass-cs/ANxoTn2W2FXauc2cinh_bBl6Xw64izb9dCbwD_JbCQDvQAbfo_Jk9Ujj2K-BzHMUQUMVqjf_cCM7Ro1dXEKpOe9jZXM4CBraRIB0CQW_qggzGeRx-9ZFRcIpEKKhqZQ-GDPDu6SW9WEVnQ=k-no
هرفي,FH6M 6VP، طريق الملك عبدالله، الوبرة، المدينة المنورة 42371، المملكة العربية السعودية,3.7,885,مطعم جيد ، لكن احيانا يتأخرون في تجهيز الطلب,
هرفي,FH6M 6VP، طريق الملك عبدالله، الوبرة، المدينة المنورة 42371، المملكة العربية السعودية,3.7,885,نصابين نصبو على بمبلغ عن طريق الفيزا ولي الآن شهرين ولم يتم ارجاعه..,
هرفي,FH6M 6VP، طريق الملك عبدالله، الوبرة، المدينة المنورة 42371، المملكة العربية السعودية,3.7,885,يجنن,
هرفي,FH6M 6VP، طريق الملك عبدالله، الوبرة، المدينة المنورة 42371، المملكة العربية السعودية,3.7,885,أسعاره لاباس بها الطعم لذيذ وشكل البرقر شهي والخ آخره وجرب واحكم بنفسك،,
هرفي,FH6M 6VP، طريق الملك عبدالله، الوبرة، المدينة المنورة 42371، المملكة العربية السعودية,3.7,885,سرعة في التامين والتوصيل والنظافة,
هرفي,FH6M 6VP، طريق الملك عبدالله، الوبرة، المدينة المنورة 42371، المملكة العربية السعودية,3.7,885,خايس اكل معغن,
هرفي,FH6M 6VP، طريق الملك عبدالله، الوبرة، المدينة المنورة 42371، المملكة العربية السعودية,3.7,885,ممتاز,
هرفي,FH6M 6VP، طريق الملك عبدالله، الوبرة، المدينة المنورة 42371، المملكة العربية السعودية,3.7,885,لاباس,
هرفي,FH6M 6VP، طريق الملك عبدالله، الوبرة، المدينة المنورة 42371، المملكة العربية السعودية,3.7,885,ممتاز شكرا لكم,
هرفي,FH6M 6VP، طريق الملك عبدالله، الوبرة، المدينة المنورة 42371، المملكة العربية السعودية,3.7,885,لاباس,
هرفي,FH6M 6VP، طريق الملك عبدالله، الوبرة، المدينة المنورة 42371، المملكة العربية السعودية,3.7,885,رهيب هيرفي بكل مكان رهيب,
هرفي,FH6M 6VP، طريق الملك عبدالله، الوبرة، المدينة المنورة 42371، المملكة العربية السعودية,3.7,885,عروضهم حلوه,
هرفي,FH6M 6VP، طريق الملك عبدالله، الوبرة، المدينة المنورة 42371، المملكة العربية السعودية,3.7,885,للأسف هاذي المره الثانيه اطلب من فرع المنار مول و لما اوصل البيت الاقي حاطين لي البطاطس بايت مر عليه ساعات و انعدم ثم ادفع فلوس و الموظف بكل بساطه يعطي نفسه الحق انه يستغفل الزبون و يمشي له شي قديم,
هرفي,FH6M 6VP، طريق الملك عبدالله، الوبرة، المدينة المنورة 42371، المملكة العربية السعودية,3.7,885,لم اجرب طعامه ولكن أسعاره غالية جدا,
هرفي,FH6M 6VP، طريق الملك عبدالله، الوبرة، المدينة المنورة 42371، المملكة العربية السعودية,3.7,885,مطعمي المفضل .. اكثر شي اطلبو سندوتش دجاج مشوي مره لذيذ والسمك احبو عندهم وطبعا ماننسي حلقات البصل لازم مع كل وجبه,
هرفي,FH6M 6VP، طريق الملك عبدالله، الوبرة، المدينة المنورة 42371، المملكة العربية السعودية,3.7,885,الاكل لذيذ,
هرفي,FH6M 6VP، طريق الملك عبدالله، الوبرة، المدينة المنورة 42371، المملكة العربية السعودية,3.7,885,جميل,
هرفي,FH6M 6VP، طريق الملك عبدالله، الوبرة، المدينة المنورة 42371، المملكة العربية السعودية,3.7,885,جيد جدا,
هرفي,FH6M 6VP، طريق الملك عبدالله، الوبرة، المدينة المنورة 42371، المملكة العربية السعودية,3.7,885,اكلهم طيب واصناف متعدده,
هرفي,FH6M 6VP، طريق الملك عبدالله، الوبرة، المدينة المنورة 42371، المملكة العربية السعودية,3.7,885,مستواه ثابت وسلطة السيزر طيبة,
هرفي,FH6M 6VP، طريق الملك عبدالله، الوبرة، المدينة المنورة 42371، المملكة العربية السعودية,3.7,885,مثل ماك دونالدزوغيرها,
هرفي,FH6M 6VP، طريق الملك عبدالله، الوبرة، المدينة المنورة 42371، المملكة العربية السعودية,3.7,885,good quality,
هرفي,FH6M 6VP، طريق الملك عبدالله، الوبرة، المدينة المنورة 42371، المملكة العربية السعودية,3.7,885,خرافي في الطعم,
هرفي,FH6M 6VP، طريق الملك عبدالله، الوبرة، المدينة المنورة 42371، المملكة العربية السعودية,3.7,885,سيء جداً سعره مرتفع,
هرفي,FH6M 6VP، طريق الملك عبدالله، الوبرة، المدينة المنورة 42371، المملكة العربية السعودية,3.7,885,لذيذ,
هرفي,FH6M 6VP، طريق الملك عبدالله، الوبرة، المدينة المنورة 42371، المملكة العربية السعودية,3.7,885,Yummy,
هرفي,FH6M 6VP، طريق الملك عبدالله، الوبرة، المدينة المنورة 42371، المملكة العربية السعودية,3.7,885,وقت العروض ممتاز,
هرفي,FH6M 6VP، طريق الملك عبدالله، الوبرة، المدينة المنورة 42371، المملكة العربية السعودية,3.7,885,ممتاز,
هرفي,FH6M 6VP، طريق الملك عبدالله، الوبرة، المدينة المنورة 42371، المملكة العربية السعودية,3.7,885,ممتاز,
هرفي,FH6M 6VP، طريق الملك عبدالله، الوبرة، المدينة المنورة 42371، المملكة العربية السعودية,3.7,885,مطاعم هرفي المعروفه والمنتشره,
هرفي,FH6M 6VP، طريق الملك عبدالله، الوبرة، المدينة المنورة 42371، المملكة العربية السعودية,3.7,885,ماهو قد كذا,
هرفي,FH6M 6VP، طريق الملك عبدالله، الوبرة، المدينة المنورة 42371، المملكة العربية السعودية,3.7,885,very good,
هرفي,FH6M 6VP، طريق الملك عبدالله، الوبرة، المدينة المنورة 42371، المملكة العربية السعودية,3.7,885,اكلهم ما فيه طعم,
هرفي,FH6M 6VP، طريق الملك عبدالله، الوبرة، المدينة المنورة 42371، المملكة العربية السعودية,3.7,885,رائع و لذيذ,
هرفي,FH6M 6VP، طريق الملك عبدالله، الوبرة، المدينة المنورة 42371، المملكة العربية السعودية,3.7,885,جيد جدا,
هرفي,FH6M 6VP، طريق الملك عبدالله، الوبرة، المدينة المنورة 42371، المملكة العربية السعودية,3.7,885,اول وجبه اكلت منه مع اخوي وصديقي الا تحطه على الجرح يطيب ابو صالح الذويب في الرياض عام ١٤١٨ هجري,
هرفي,FH6M 6VP، طريق الملك عبدالله، الوبرة، المدينة المنورة 42371، المملكة العربية السعودية,3.7,885,غالي والا سم لا يحتاج إعلان والشيف تعبان,
هرفي,FH6M 6VP، طريق الملك عبدالله، الوبرة، المدينة المنورة 42371، المملكة العربية السعودية,3.7,885,لا يعجبني,
هرفي,FH6M 6VP، طريق الملك عبدالله، الوبرة، المدينة المنورة 42371، المملكة العربية السعودية,3.7,885,ممتاز,
هرفي,FH6M 6VP، طريق الملك عبدالله، الوبرة، المدينة المنورة 42371، المملكة العربية السعودية,3.7,885,تجربة رائعة,
هرفي,FH6M 6VP، طريق الملك عبدالله، الوبرة، المدينة المنورة 42371، المملكة العربية السعودية,3.7,885,مطعم وجبات سريعه تقييم مقبول نوعا ما,
هرفي,FH6M 6VP، طريق الملك عبدالله، الوبرة، المدينة المنورة 42371، المملكة العربية السعودية,3.7,885,لا تعحبني سلسلة مطاعم هرفي .. جودة الطعام الاكل ليس طازج,
هرفي,FH6M 6VP، طريق الملك عبدالله، الوبرة، المدينة المنورة 42371، المملكة العربية السعودية,3.7,885,تحصل فيه اكل زين والناس ماهي مثل بعض في الذوق,
هرفي,FH6M 6VP، طريق الملك عبدالله، الوبرة، المدينة المنورة 42371، المملكة العربية السعودية,3.7,885,كل شىء جيد,
هرفي,FH6M 6VP، طريق الملك عبدالله، الوبرة، المدينة المنورة 42371، المملكة العربية السعودية,3.7,885,المعرف لايعرف,
هرفي,FH6M 6VP، طريق الملك عبدالله، الوبرة، المدينة المنورة 42371، المملكة العربية السعودية,3.7,885,ما ينذاق,
هرفي,FH6M 6VP، طريق الملك عبدالله، الوبرة، المدينة المنورة 42371، المملكة العربية السعودية,3.7,885,لذيذ,
هرفي,FH6M 6VP، طريق الملك عبدالله، الوبرة، المدينة المنورة 42371، المملكة العربية السعودية,3.7,885,ليس بالمستوى المطلوب,
هرفي,FH6M 6VP، طريق الملك عبدالله، الوبرة، المدينة المنورة 42371، المملكة العربية السعودية,3.7,885,البتفور ممتاز والشيز كيك اكثر من رائع وكذلك الايسكريم والكنافة وباقي المنتجات جيدة لكن أسعاره غالية خاصة البتفور,
هرفي,FH6M 6VP، طريق الملك عبدالله، الوبرة، المدينة المنورة 42371، المملكة العربية السعودية,3.7,885,كانت تجربه جميله جدن,
هرفي,FH6M 6VP، طريق الملك عبدالله، الوبرة، المدينة المنورة 42371، المملكة العربية السعودية,3.7,885,لايعجبني,
هرفي,FH6M 6VP، طريق الملك عبدالله، الوبرة، المدينة المنورة 42371، المملكة العربية السعودية,3.7,885,اكثر من رائع,
كودو,8551 شارع الملك عبدالعزيز، الملك فيصل، عفيف 17571، المملكة العربية السعودية,3.8,707,خطاء موظف مستهتر يدمر سمعة شركة كاملةالمصري تعاملة سيء جداً متسلط ولسانة ينضح بالفاظه المصرية الشعبية ، نرجو من الادارة التعامل معه قبل ان يشوه سمعة المحل او يسبب مشكله الشركة في غنا عنها،,https://lh3.googleusercontent.com/gps-cs-s/APNQkAFNzp19iem6yakeVUbZkZTWCgIglppy-7wseRUCkBhNUFq0iyzQ3dsfGlB27DfinuasriUozLfwJm5pnrEtbTB8jOuIE-anHX6ZsjrfokXT-2iB8YttnlMp2SGJoXoVtbgCWLnzTw=w1920-h1080-k-no
كودو,8551 شارع الملك عبدالعزيز، الملك فيصل، عفيف 17571، المملكة العربية السعودية,3.8,707,Love the SHABAB AND THE RESTAURANT,https://lh3.googleusercontent.com/gps-cs-s/APNQkAHMkTCqL4mSxvKRaxrfWvECZt7hPkBoKRj3xSjn3hYsEP8ITnOVIKO3Vvz4e29i9ATLNbD_kF0pm7ZuuX03WkviQiNr9NmKKhoSI4Jomb-kGahfySyVQmLI5pzjcJgACIR2h22qzg=w1920-h1080-k-no
كودو,8551 شارع الملك عبدالعزيز، الملك فيصل، عفيف 17571، المملكة العربية السعودية,3.8,707,Fantastic food,https://lh3.googleusercontent.com/p/AF1QipNhyQIetXoqWBrOLZWgdt6ZowQtaR4J7pvyTTJm=w1920-h1080-k-no
كودو,8551 شارع الملك عبدالعزيز، الملك فيصل، عفيف 17571، المملكة العربية السعودية,3.8,707,Good experince with the resturent and helpfull staff and incharge Farhan,https://lh6.googleusercontent.com/proxy/xV-qlvlvrBrXlIWdGOo9SA8jOX4Zor9Erks1gGi_ntXF0LpB4QeAQG-IlT2Ln6NemZduu6Y9M0mHOhpWGmgChq4B08xOVffSjzm6VGvWx07CWzgnXmoZ9FPpB1RB_JlfTvSqnZbYaqbPQNMQYaXQ6k-MfznmdA=w1920-h1080-k-no
كودو,8551 شارع الملك عبدالعزيز، الملك فيصل، عفيف 17571، المملكة العربية السعودية,3.8,707,Emad make my meal good and fast,https://lh3.googleusercontent.com/p/AF1QipMa4SSdtWkjB4NxnLJLOhBcIbE3FiX3ntPMDTud=w1920-h1080-k-no
كودو,8551 شارع الملك عبدالعزيز، الملك فيصل، عفيف 17571، المملكة العربية السعودية,3.8,707,"I was amaze when i visit in kudu restaurant fantastic there service, everything.",https://lh3.googleusercontent.com/gps-cs-s/APNQkAF2ziFBc67dBmjrdCqPrevJdlYnf8PDIwPXqUNLNpLXk_z_APXMsfjv8wWd9HoR3nZ7HA3pf6D-kly7guIpNd24Ej9kx8arXDHBgG15XqxREgISKIedpRwDD5495BIDNI1VjlmiR9vQZ1c6=w1920-h1080-k-no
كودو,8551 شارع الملك عبدالعزيز، الملك فيصل، عفيف 17571، المملكة العربية السعودية,3.8,707,أفضل محل بعفيف كلها يارب يدوم وييفتح فرع ثاني والاسعار مرتفعه بالنسبه لبقية الافرع بالمملكه كل شي فيه بيرفكت ..البنا اللي ع الكاشير شطورات وسريعات بالتوفيق للجميع,https://lh6.googleusercontent.com/proxy/YlrR_MCVVFjYjBbmStzATTuGAgl9Mls9Hi8CVP1KMDojZwuwtE7o5dJiUDIVQ6OkPvFJ6tv55c9iFdp2be60yvCRLDrnztgMCKGY-zL_b8XAo-MDkfS1YhlaarAW6JE9xeZLJ_2xgEVFmltPbEh2_FoaTz5PEXk=w1920-h1080-k-no
كودو,8551 شارع الملك عبدالعزيز، الملك فيصل، عفيف 17571، المملكة العربية السعودية,3.8,707,حلو ونظيف,https://lh3.googleusercontent.com/gps-cs-s/APNQkAG6SvSHqfZEtTabDnFDEK7eD-Tws2ogUSLBDEz-ixtHNRfA4u_PDfB72er0TLeNu7tmrpazNTKBnppOlQ0zjmvPz_tQ-7OLlhnPyvJt0M_bGhqf5_WJqH6SC5Ti0i6OwcpqAvs=w1920-h1080-k-no
كودو,8551 شارع الملك عبدالعزيز، الملك فيصل، عفيف 17571، المملكة العربية السعودية,3.8,707,رهيب بس المحل ضيق,https://lh5.googleusercontent.com/proxy/1B9QySNwvj4rOa8UcxG7Qt2PGCfBblOIyq-iQRStLXZUO5RdFi2kbI9GWpb1ycs2WKiSBDxPUuQtGg9c6AbYYA_STichv7rNT3NOdwrp7eQlA2p31rNBclALO-m7gzWVtqj5xVaYogZL4gPDsI7aOJs-fB5k9gc=w1920-h1080-k-no
كودو,8551 شارع الملك عبدالعزيز، الملك فيصل، عفيف 17571، المملكة العربية السعودية,3.8,707,كويس فيه كودو في عفيف على الخط العام العاموجبات فطور,https://lh6.googleusercontent.com/proxy/8yVKUJIpvxLtOdYIGwjfbdvY3xUPuyJIXEgt5yPtKBI4aQAHd5s4b0m0iMiw8a912zZMfd7hjLVSdWkUpFoIJNYgkV4j_8ptCsXM3bVUIdDCHfJ0qS1l-YMNUVan6IOVmt8RzEepFyfMdHZ8_YbubIzKeJGUI-s=w1920-h1080-k-no
كودو,8551 شارع الملك عبدالعزيز، الملك فيصل، عفيف 17571، المملكة العربية السعودية,3.8,707,الطلب ليه يجي بارد وش مشكلتكم وطلب خبز بني يجيني ابيض هل هو الشغل فيه عناد او ايش اسوا فرع مر علي دافع 76 ريال في صنفين بدون وجبه ويجيني بارد وصنف غير الي طلبته بهنقر ستيشن,https://lh3.googleusercontent.com/p/AF1QipOP0pr8OAGDwQvtNRAHfF8jInVMjouWgIi4NnOL=w1920-h1080-k-no
كودو,8551 شارع الملك عبدالعزيز، الملك فيصل، عفيف 17571، المملكة العربية السعودية,3.8,707,كودو رائع واكل لذيذ ومطعم نضيف وتعامل راقي,https://lh3.googleusercontent.com/gps-cs-s/APNQkAG5v12KasCQ_7y9KIX-EpP2kZXjXiAwdAtUh9GjdR6Cf2oLdeNyTZ1Ew6pr28hfVLiQ6DhB8OfhHebS4sUKmIX9Ca48UdB4iOR14TQnu_UZE8o1Tjd-4ZQH72OgkdpGDMO-OYuh=w1920-h1080-k-no
كودو,8551 شارع الملك عبدالعزيز، الملك فيصل، عفيف 17571، المملكة العربية السعودية,3.8,707,نصبين اخذنا البطايق وا طلعت لنا جواز وا رحنا نستلمه يقول روح مافي معلو روح رياض سلوبه خايس وا ما انصح فيه ابداً,https://lh3.googleusercontent.com/gps-cs-s/APNQkAE_FYuW3t5qkmSgSysINSpRPWfZhQCqbfW7x2FgU3-Rd0lyEl065fzEpv18p1Uik8_YOIv1iL7PogIR5mDGMW97XFvbaLZZhGU2XrXAAa5Qx6rAxIorrXEyUzNxlHHLlxiPFmhpKw=w1920-h1080-k-no
كودو,8551 شارع الملك عبدالعزيز، الملك فيصل، عفيف 17571، المملكة العربية السعودية,3.8,707,اسوا تعامل لقيت في هذا المطعم. مافي كفائه في العمل,https://lh3.googleusercontent.com/gps-cs-s/APNQkAFnfLf0iRe87JWLRWy1poWYn1Qh4iW5abSMdu4ptuw9tpI5Z7JH78hpTMb4b49Uk3voaVtugkm2_Q8nRHylfswYwjYEFhTiz0ZrR0wxE2KHmEO4T0hrMjLaqWc-uBy6lh2Jr0OKqw=w1920-h1080-k-no
كودو,8551 شارع الملك عبدالعزيز، الملك فيصل، عفيف 17571، المملكة العربية السعودية,3.8,707,سئ في وجبه شباب البومب بلس ، عدم اضافه اعواد بطاطس عمان واستبدالها ببطاطس عادي ، اختيار صوره واحده نوف لجميع طلبات الاونلاين لتصريفها على العملاء غير المباشرين,https://lh3.googleusercontent.com/gps-cs-s/APNQkAG31c9nTKnnLMTdAOByONGLC6yDSmQtKaeORWll8_ctAyzXbwfQE2quDfuwX8f40yFsDQFrKsW4_YzVWRyVNSdsGwFfrAMD2j8ykcRkCCqcDJvw5ILL9whRR_Camm6E6sBX3dyM=w1920-h1080-k-no
كودو,8551 شارع الملك عبدالعزيز، الملك فيصل، عفيف 17571، المملكة العربية السعودية,3.8,707,اسلوب المصري سيئ جداً وشايف نفسه ويرفع صوته ولاهي بمره ولامرتين ما ادري على ايش شايف نفسه مستفز ولو فيه اقل من النجمه حطيت والله البنت الي كانت موجوده انها تكسب زباين باسلوبها وتعاملها عكس المصري يخلينا نطلع ونقيم نجمه وحده,https://lh3.googleusercontent.com/gps-cs-s/APNQkAE_R2va0sy8tLLydngtkqpX1QfMMBuaOgxzDdRlLb95JcTw3phH-L_dz7o9O3Gw-jod-BT-HfqBsQAWOF5AqMRIww83WpXaa1KiXAAVDWlLKllcdYOXNJhgfDQjPpfw-AHzUp_OPIWi8HHC=w1920-h1080-k-no
كودو,8551 شارع الملك عبدالعزيز، الملك فيصل، عفيف 17571، المملكة العربية السعودية,3.8,707,مرررررررررررره. حلوه. خدمتها,https://lh3.googleusercontent.com/gps-cs-s/APNQkAGaunmsh4ifM8Xgte7ktXNiOOsTJ-_Z0LYwk-yYWKb_WAlCDxOlc76Aqy7wanCu-RTAuo6NtzsrFte9cfuJCCgqKlEpJj64bXcIBNIAHldqqQfUi0-USwkDnWW-mfZf_YOqtset7XWe7WQ=w1920-h1080-k-no
كودو,8551 شارع الملك عبدالعزيز، الملك فيصل، عفيف 17571، المملكة العربية السعودية,3.8,707,Staff friendly specially altab,https://lh3.googleusercontent.com/gps-cs-s/APNQkAGsrXA4hXGE0YSuQf46t60WAQg0ZL_yS8VNMdGHO44oS7kIGR8BL4vAUYzVY7V9S3GUh0e8P0GS-K2Mx_WqzVJcrfWY7fr03S4ifLCxQozQ6DpquTAzWr-GkL2urEY5582hoCJQMA=w1920-h1080-k-no
كودو,8551 شارع الملك عبدالعزيز، الملك فيصل، عفيف 17571، المملكة العربية السعودية,3.8,707,Food is good specially nachos platter and burgers.,https://lh3.googleusercontent.com/p/AF1QipPkjLrrTk32cKuKMcFwzH4Q6uw6OhqiAkRTjJtH=w1920-h1080-k-no
كودو,8551 شارع الملك عبدالعزيز، الملك فيصل، عفيف 17571، المملكة العربية السعودية,3.8,707,Good experience,https://lh4.googleusercontent.com/proxy/73GkNjrUABGSja80pRiCKvUS1qoIB8kIGd0vET7UNeSMD4UrsX8MnSOkrbsPlWjGNpFM9g3d9Y8qvEItUo9ctQ5T1ImUmBuIKChF6r1kG4cOF8OQJh01HivoXOPCfzLotoQ7qLLn-HtcIj5DarJSfniiBxgp3-s=w1920-h1080-k-no
كودو,8551 شارع الملك عبدالعزيز، الملك فيصل، عفيف 17571، المملكة العربية السعودية,3.8,707,مافيه ثبات على الجودة مرات تاكل الوجبة حارة ولذيذة ومرات يعطونك اياها بارده ولا فيها طعم ماتوكل خصوصا البطاطس الله يكرم النعمة عكس باقي الفروع تاكل منهم على مستوى واحد جودة طعم وثبات ممتاز عكس فرع عفيف كارثي,https://lh3.googleusercontent.com/gps-cs-s/APNQkAGHNNGoHaMMkTtKqK496AhzYiiU0AOwApuBHkKr4WFURYG221Ih7lvSSjGYrx0C5kVW9fVEH3Vr8Ci0cSs4EuHg2f4wcNK9CLvtS4cwcrL4MGUBC64B48vLtDUZSAZkBWY-rvB-lg=w1920-h1080-k-no
كودو,8551 شارع الملك عبدالعزيز، الملك فيصل، عفيف 17571، المملكة العربية السعودية,3.8,707,Super nice,https://lh3.googleusercontent.com/p/AF1QipP0YHUAnjREcQ7WIdMyp8Z33gJlFv4KdoQ-8GGA=w1920-h1080-k-no
كودو,8551 شارع الملك عبدالعزيز، الملك فيصل، عفيف 17571، المملكة العربية السعودية,3.8,707,Very friendly staff,https://lh3.googleusercontent.com/p/AF1QipOOx5qNjS9rPsUxbk9uqbcryCbAo0STJvuE6Qv-=w1920-h1080-k-no
كودو,8551 شارع الملك عبدالعزيز، الملك فيصل، عفيف 17571، المملكة العربية السعودية,3.8,707,THE FOOD SO YUMMY,https://lh3.googleusercontent.com/p/AF1QipNn3Mq4-rkNq0n6KV2BYkbvZcpxhhhid97-5R8N=w1920-h1080-k-no
كودو,8551 شارع الملك عبدالعزيز، الملك فيصل، عفيف 17571، المملكة العربية السعودية,3.8,707,Very clean restaurant. I love the crew very accomodated.,https://lh3.googleusercontent.com/p/AF1QipN79copuF2jQpFnymM7W6XQ_idy5-rqCC15m___=w1920-h1080-k-no
كودو,8551 شارع الملك عبدالعزيز، الملك فيصل، عفيف 17571، المملكة العربية السعودية,3.8,707,The ambiance was good. Friendly crew. I love the food. Keep up the good work.,https://lh3.googleusercontent.com/p/AF1QipMOgW7zZ-Gs17dlDuNl7FbuLgQbIC9VlkVJce7w=w1920-h1080-k-no
كودو,8551 شارع الملك عبدالعزيز، الملك فيصل، عفيف 17571، المملكة العربية السعودية,3.8,707,Fast service. The cashier are approachable. Keep up the good work,https://lh3.googleusercontent.com/p/AF1QipNlawiBJYuzzZOXs6s0YrWan83JnH2eNBt45eh3=w1920-h1080-k-no
كودو,8551 شارع الملك عبدالعزيز، الملك فيصل، عفيف 17571، المملكة العربية السعودية,3.8,707,Excellent service and friendly staff.,https://lh3.googleusercontent.com/p/AF1QipP87sHuEmYecdksYrUmm8zH-cJW6Epy2ctrzwsu=w1920-h1080-k-no
كودو,8551 شارع الملك عبدالعزيز، الملك فيصل، عفيف 17571، المملكة العربية السعودية,3.8,707,الطاقم ينقصه التعامل والاحترافي,https://lh3.googleusercontent.com/gps-cs-s/APNQkAHTTt7SE-wX4KArqCjxpZXlzQpLS6V3LtuwM_RNHl7mU8Y-rSXdPfIV4n4VJnrFrfdivmN_BEd9rtp3ZOCgRCgqWlagUD2-3OPvdfH0WjLmy76zxZvabgxvAu-aGAUGNKzMeQY=w1920-h1080-k-no
كودو,8551 شارع الملك عبدالعزيز، الملك فيصل، عفيف 17571، المملكة العربية السعودية,3.8,707,سئ بكل ماتعنيه الكلمة,https://lh3.googleusercontent.com/gps-cs-s/APNQkAHcTFO_J2KwDbgvrDeYThP6b4EeesWJcXQDc8wWg8SCS7N9FHmkYoIJ-JN2dEA8Ns2ikMpQkSohec4u1qtxA2GR3F_hlrj2HyO_HJXrnpv7bHlkY-DOLNPXq7oxD1wLM-3kGf8=w1920-h1080-k-no
كودو,8551 شارع الملك عبدالعزيز، الملك فيصل، عفيف 17571، المملكة العربية السعودية,3.8,707,للامانه اسوء افرع كودوالدجاج فيه رائحه كريهه جداً يفتقرللنظافه ريحة الزيت سيئه المتضح لي مايغيرونه باستمرار اتمنى البلديه تاخذعلبهم جوله وتشدد على النظافه دورة المياه اسواء مايكون مافي عمال نظافه الطاولات يجلس الاكل بالساعات ماجد يشيله الله المستعان فرع غييييير عن فروع الرياض ماتوقع ان في عفيف رقابه على المطاعم والنظافه وصاحب الكاشير سيئ جداً,https://lh3.googleusercontent.com/gps-cs-s/APNQkAEJGyK7XFEfuq6_eeI8Rm-TdzuyjbTdSqZ8XVDtkj2EeBwFyZsTQmGwbV_vKIN6om1rhVKlm8PnUa91cC5ZVlpnySywGLr7zyWJwQUGX6jL0tjtjynifzefTu04YQEDpVpV0HQJiw=w1920-h1080-k-no
كودو,8551 شارع الملك عبدالعزيز، الملك فيصل، عفيف 17571، المملكة العربية السعودية,3.8,707,النظافه غير جيده الطاولات ودورات المياه قذاره غير مقبوله اصوات العماله مرتفعه,https://lh3.googleusercontent.com/gps-cs-s/APNQkAE6CK8RTKCc60U5AE1oFJ4xp-NOgz2tO4odpa7dgb6o3MPO5xX4G44n8VfXG0UaU9XheLf7OogOKYKsIGQlBDlvsSbAmFgP-XfxmyF9kfMK7_OVToW53cv7DS8mFRpQEyLbAY3i=w1920-h1080-k-no
كودو,8551 شارع الملك عبدالعزيز، الملك فيصل، عفيف 17571، المملكة العربية السعودية,3.8,707,اكلت وجبه المثلثة وكانت ممتازه والشاب المصري الي في المطعم اخلاقه عاليه جدا شكرا كودو انصح الجميع بالتجربة,https://lh3.googleusercontent.com/gps-cs-s/APNQkAF5QLMQqcIot9utwZ7d5-0cMSXOR6IevQC-wWszOTt6FjPx6lXCd4Nv5Ly_W3JSEayOWnAcHtNlIlDmtaL9CT6CAPigOHW2od6x2ZImGcfQGu6ZfIn7yd6ljopNTaj7ybaiXyC6rA=w1920-h1080-k-no
كودو,8551 شارع الملك عبدالعزيز، الملك فيصل، عفيف 17571، المملكة العربية السعودية,3.8,707,Excellent,https://lh3.googleusercontent.com/gps-cs-s/APNQkAEDuQ1GoSBH_s7dv1yUKyfruXJIFeLxwHVhyY4Hlvng2adihyJvQZ48n_VOm_lxeLIpPXYb6e4rDzygROkqX_dgl4p8W7KOQ5-JSbY2Q7-e8pgtqo4cYRVDg-s5sBUYOUurTRg3aA=w1920-h1080-k-no
كودو,8551 شارع الملك عبدالعزيز، الملك فيصل، عفيف 17571، المملكة العربية السعودية,3.8,707,"The service here is very good, especially Professor Farhan.",https://lh3.googleusercontent.com/gps-cs-s/APNQkAGo7CJSKipCKaQkbRQFeqQ3q3AE6-icKG0I42Ws6Zy7MOJOAlJshrunsJ5BSnSFgYiAj1Sblsa34XCLmxmRhC_123Xv4zLfZ59-Wed4_7vsYNDuuE2y8lU98kTb7VAbrms0uQPRdg=w1920-h1080-k-no
كودو,8551 شارع الملك عبدالعزيز، الملك فيصل، عفيف 17571، المملكة العربية السعودية,3.8,707,اطيب موظف كودو عماد رجال طيب مايقصر مع الجميع الله يبض وجه جعل ربي يوفقه وين مايروح,https://lh3.googleusercontent.com/gps-cs-s/APNQkAF2HD-WwQ0BsUBjTPleNSEIpkFS9kYmHB3I7bRtnfVho-56f70Pjz7Fw70A_55fl6Rnv0VoyIDscAd_YzRsFLnGJS_x_8tdlM7SFxNI9cOk_HlGU40nabSd9I0ogn6XkZbJX7a_=w1920-h1080-k-no
كودو,8551 شارع الملك عبدالعزيز، الملك فيصل، عفيف 17571، المملكة العربية السعودية,3.8,707,اسعار غااااليه ومبالغ فيها,https://lh3.googleusercontent.com/gps-cs-s/APNQkAG5S94YSwgDM6nHB59_MLBhU5A0__kyZM4rZuqAdIi_05NLOm1Pl89eptc-sjlh6yzRj3jQPGgUEQc-n89mkDZb8JGZ-wVukYHbB-wI6_gBR7egqMEVx-ysoYgoQwaqwARw_4NK=w1920-h1080-k-no
كودو,8551 شارع الملك عبدالعزيز، الملك فيصل، عفيف 17571، المملكة العربية السعودية,3.8,707,اشكر الاخ الاوغندي ابراهيم والاخ فرحان على حسن تعاملهم وسرعة التجهيز,https://lh3.googleusercontent.com/gps-cs-s/APNQkAFIAgXAHKxxS4iJwy3IIsimLAuQCQ1IlfNJzmog3bmoWFOilwIOgbmhnshRrc557SjTdmTEq8p7X1ecY3Bn2AW99oWdIeqzoR-q3JBvXlVw3YpDdMIYLnYmz3RKeu_4K8DPhnNnf2Qi8kU=w1920-h1080-k-no
كودو,8551 شارع الملك عبدالعزيز، الملك فيصل، عفيف 17571، المملكة العربية السعودية,3.8,707,الموظف jirald للأسف تعامل سيئ و جاب الطلب بارد,https://lh3.googleusercontent.com/p/AF1QipN1ioagaAC4oe8_JA829cQyLkA-T59QSXDCcASy=w1920-h1080-k-no
كودو,8551 شارع الملك عبدالعزيز، الملك فيصل، عفيف 17571، المملكة العربية السعودية,3.8,707,المفروض أحط 6 نجوم على لذاذة وجبة لفينو تستحق التجربه مع أن سعر وجبتها الكبير 32 تقريبًا ولكن حطيت نجمه على هالأستغلال كاتبين صوص تورتيلا بـ3 و طلع كتشب نفس اللي يجيك مع كل وجبة,https://lh3.googleusercontent.com/gps-cs-s/APNQkAHFko8UQ5mBWfjrPMlMPtI8i8fTFfRVebyHYoXc7Eiu4Xmcv3Oqgl_ves5fYgeDnK89HDuKqQh6bQsIvyc7BTiug5Ar5LKhVdgCg9HT1zB8DrMJYo8R7TYQpPs3h6jnr6x0wbU5=w1920-h1080-k-no
كودو,8551 شارع الملك عبدالعزيز، الملك فيصل، عفيف 17571، المملكة العربية السعودية,3.8,707,I like there service and the main thing its smokey chicicke is very tasty and healthy,https://lh3.googleusercontent.com/grass-cs/ANxoTn25KoWsRHF42V6RmR2z-vGFG0IK6ndV-mNneVHKG_py0dlC5pEviJRSuUGbCkHg7Mm0pFiDqo6ZHAL4gXsu27dMJp-7_2C3MuNogpy0jx9uDEQUaRIFd3EsD0u1-PVwDvrs0FjoPdrYXOyV=k-no
كودو,8551 شارع الملك عبدالعزيز، الملك فيصل، عفيف 17571، المملكة العربية السعودية,3.8,707,Good service always,https://lh3.googleusercontent.com/grass-cs/ANxoTn1q82MtEFKG6ujsLZoIrTA3asLkWTHrMZVJmGOrdWDEV98SP_bThL6nbi3q1B76hyxpRSsbxwH8bsDAzTsUt3cOMgPh_e-MyI00xZh6vk2DwXvJUuc4jFm5Eatd-Nugwl6I7zgXhHrgoWYa=k-no
كودو,8551 شارع الملك عبدالعزيز، الملك فيصل، عفيف 17571، المملكة العربية السعودية,3.8,707,رهيب بس اسعاره غاليه اتمنى مراجعة الاسعار,https://lh3.googleusercontent.com/grass-cs/ANxoTn2QXXGUtlZgLz6EGwM6GXPyYIvJqdmZoezOsnJT47xUUflPOZ0PTxbHx2dUB_-8RMhmPHzlRc6Rt50nnR2e0pXmPLT3ByOa9smBbwQ91kKlVSpGAOi8IhdP6BcKzKPwKxqofyANbVNI7CrA=k-no
كودو,8551 شارع الملك عبدالعزيز، الملك فيصل، عفيف 17571، المملكة العربية السعودية,3.8,707,مع الأسف الشديد الطعم غير مرضي أبدا يختلف عن باقي الفروع أيضا عدم تقديم الطعام للزبون علما انه لايوجد زبائن,https://lh3.googleusercontent.com/grass-cs/ANxoTn2uDpGM3oBDJrT2y8af3MXdjOBuMxYpfxjrPAISvGPeNsbHi92cvAQ6QUWkHKc7F1wup8OacEanIyWdJrNGQeblolAgxzGc__KeWzEHrTZqw9OlZzZ8aehfj7t9o6GPAnqPwRt6MUXTo3Q=k-no
كودو,8551 شارع الملك عبدالعزيز، الملك فيصل، عفيف 17571، المملكة العربية السعودية,3.8,707,المطعم جدًا جميل ونظيف اعطاني اصالة كودو القديم انصح اي احد مسافر ان يتوقف فيه يستحق التجربة ملاحظة التبريد جدًا عالي,https://lh3.googleusercontent.com/grass-cs/ANxoTn0089Ph7az94KitJcGDyq97R32fzrEhJkMEyMD4kMIWGxn1z6hfzz_nJSNfMSbUVOvFHjPjtt5rhmn85IGXbdZ78TxhGICmXjDpfhQY6E5HmeJ0nCpSOZrg6JDaMclS2KPqo5i5SSlJd1g=k-no
كودو,8551 شارع الملك عبدالعزيز، الملك فيصل، عفيف 17571، المملكة العربية السعودية,3.8,707,من أفضل المطاعم بعفيف المشكلة شركة كودو مزودين بالأسعار شوي عن أسعارهم السابقة ما قبل الهنقرستيشن,https://lh3.googleusercontent.com/grass-cs/ANxoTn0ttqvoWjQlurFOtJtzxNlvE58ydhmQGO0KNRbc1doxMozI0I6orErb6JTsdwWKbweKQBFea7npY1IYmnKnCbtKkM6mv5F39iND0yYCtvizb9cgW960Gctim6a80mdIWRixbk8f9z0Xx4Rj=k-no
كودو,8551 شارع الملك عبدالعزيز، الملك فيصل، عفيف 17571، المملكة العربية السعودية,3.8,707,اخذت منهم راب بيض هوت دوغ الطعم جميل والصوص مذاقه لذيذ..حبييييييت.. موظفة خدمة السيارات رائقة وتعاملها حلو ربي يسعدها..,https://lh3.googleusercontent.com/grass-cs/ANxoTn08Yw3vJZ_UZzR4K8TxcUiRBGTBOIUStdH4iNIJv7vKZLJoZ0CenThUqS3oKK5bXtjtoJv9BjQKo_WAS8IXWmkCbgtzam0QmlhEERlOY2jqC9SGueijIUZkm2_kvzoGqFRmeZYekx-TLMFe=k-no
كودو,8551 شارع الملك عبدالعزيز، الملك فيصل، عفيف 17571، المملكة العربية السعودية,3.8,707,المطعم لهم سنتين ما نظفوه لقيت فيه وزغ ميت بالحمام وسفن مكبوب بلأرض ولا نظفوها وسخ ما تشتهي تاكل ياليت يهتمون بالنظافه,https://lh3.googleusercontent.com/grass-cs/ANxoTn1ejmmYjleNgSqf0K2RQJF7Bpznx_Jyye2MuA5pd1wxzmbCIjx8KVgZzfQrd2VRkVbVHWLPgw_6cbbLRZS-j5IKIk3845DHBUCguvlF3gVq1kqz69-G3pPgPZ8ONNOGHuz6tcH8x5OtGeD7=k-no
كودو,8551 شارع الملك عبدالعزيز، الملك فيصل، عفيف 17571، المملكة العربية السعودية,3.8,707,الاكل لذيذ والخدمه رائعه وسريعه,https://lh3.googleusercontent.com/grass-cs/ANxoTn2N3SaFuo8G0yJnmBRW3KIgp3nplTqAnmzyzUf7E4x9hC7_oNZHDZOI3Z67IvaUETF7r3oe5ieAsFfOtVvCD-WQBGL20sVft7_BILua7OTu86oY2vohZF3dtbNbyO4aE2xJ-PmxESa1XixE=k-no
كودو,8551 شارع الملك عبدالعزيز، الملك فيصل، عفيف 17571، المملكة العربية السعودية,3.8,707,وجبة الكودو والبطاطس لجميع الوجبات بارده قدمت لنا كانت زيارتنا ليلة البارحه الساعه ١٢ تقريبا مساء,https://lh3.googleusercontent.com/grass-cs/ANxoTn23FXGRC9Qhy4Yg3-VZKUZDhIFjtJ456DMYMxesoltrSbhLzwlm-3a4Qb02REPV6rjpMXmdnLHTwCeXJuJEtCdvS9tsF73VDdzAwmI6iUm78ga1xFUfd1dx7fbZSkUt44HgQ66AF2HrT9o=k-no
كودو,8551 شارع الملك عبدالعزيز، الملك فيصل، عفيف 17571، المملكة العربية السعودية,3.8,707,الموظف المصري مخلي الحرمه السعوديه توصل الطلب لطاولة الزبون مع ان فيه عمال رجال يقدرون يسوون الشغله هاذي ، شي يحزن انك تشوف المرأة السعوديه تهان بهاذا الشكل اتمنى ان يتم التعامل مع الموظف المصري .,https://lh3.googleusercontent.com/grass-cs/ANxoTn3WdJZlXG4IUNySL7WzHaE-wxBDmvcQ2-Hpyiu63ZhzExQEht3PqNlbh_JK8g1Q_R8Ees92g5EdBKX8il8r-FDmqiZb-2sI1ZVfczVW757bohHXLAVFJ3BFFjgu_FH_50nN-z8hy-aUDgs=k-no
كودو,8551 شارع الملك عبدالعزيز، الملك فيصل، عفيف 17571، المملكة العربية السعودية,3.8,707,صراحه معامله الكاشيره السعوديه كان جدا ممتاز و ومحترمه ولكن شي يقهر اننا نشوف مدير مصري كان يهاوشه ويصرخ عليه ويأمره انه توصل الطلبات للطاوله علما انه يوجد ٤ عمال هنود و ٢ مصاريا شي مستفز نشوف اجنبي يامر ويهاوش ابنت بلدنا وبنفس الوقت يخليها توصل الطلبات!!!,https://lh3.googleusercontent.com/grass-cs/ANxoTn1WIoiv-cDiEoxZi_yRdPa1TAc5QQ4VFtmpu-qq79ymxzDv7P-jAGSXwFw5KaIktDuZCPv7yxcGUqPja2rdUnRJskAXK-O_2ppJ-qwKY4u4EuEc_BXuRNKDds68Ca3BAdU82IXZsMfv26du=k-no
كودو,8551 شارع الملك عبدالعزيز، الملك فيصل، عفيف 17571، المملكة العربية السعودية,3.8,707,ممتاز جدا وجبه المثلثه مراااا جميله,https://lh3.googleusercontent.com/grass-cs/ANxoTn0rJ00awisBpsGWd1lW081YCaBu1d4AOkJKg0F9DMR2dvvkPcLfQ30hNZN4qB-0RLTKsAV0V4xMKOtTyRYiO5UWEcSPJWn0Ie49YEzBqGUnUDrcEqHTcpGH6iDjYmFAROyA1BW3r3kDBJ-a=k-no
كودو,8551 شارع الملك عبدالعزيز، الملك فيصل، عفيف 17571، المملكة العربية السعودية,3.8,707,تعامل الموظف السعودي الي اسمه عماد قمة في الاخلاق والاحترام,https://lh3.googleusercontent.com/grass-cs/ANxoTn1STU80NpmqJyNGfkbrgfx1Kt_KhaZlWEp977X_8obWdIbrJHK5kPvq1aoERLCzxN_VRUmRL7x4gS2SORANT_J0yVZQ8QIFJNf98ssgRMp5sF2u_sqZ2MZHqC1sY1CtdgpuGUXmu9fUxW3j=k-no
كودو,8551 شارع الملك عبدالعزيز، الملك فيصل، عفيف 17571، المملكة العربية السعودية,3.8,707,طبعآ كا العاده كودو لذيذ بس جد فرع عفيف لذيذ مره,https://lh3.googleusercontent.com/grass-cs/ANxoTn2j5koWKutkMIR6q1yhr5Tn_6MQwRigrV8VCGMljEiuyTzuir6mK6ustVXNYHnNyjVcCF8yFATqqcexuKm3lt_YZ-KPF-B0Qsrj33MjzJ9plcvrEIeUDXQmObSLiqOQDfaTrPNotZGVpTVh=k-no
كودو,8551 شارع الملك عبدالعزيز، الملك فيصل، عفيف 17571، المملكة العربية السعودية,3.8,707,ماشاء الله تبارك الله,https://lh3.googleusercontent.com/grass-cs/ANxoTn1Uij3Yd0u1zKxF7N07Y2oN14v5SyBvcUmxpKL4P7vun5CF39HdpOYFR3vs6qM9NHIIVdDvdjbUEPEYfQzdY7_eakmp08AZ9vUd10NHzoC6ptC9R1pwNL4AMJJ3yI300ZLuIY6GP0BM0Ql_=k-no
كودو,8551 شارع الملك عبدالعزيز، الملك فيصل، عفيف 17571، المملكة العربية السعودية,3.8,707,جميل ورقي انصحكم بازيارة,https://lh3.googleusercontent.com/grass-cs/ANxoTn1Vwl-N106ZqoX_-wgnKrgnLaGdyGT7wXpSTzq_5jrQJ7HBdKUe5_7bRqgL84QS1Cy5_ff9L5LufBVD6DdvzfWw25JdYbm0CqgjDlbJRgnMOqhxpM6JbyUGbhLZAwfEyHEs2MCTMw9RGk9-=k-no
كودو,8551 شارع الملك عبدالعزيز، الملك فيصل، عفيف 17571، المملكة العربية السعودية,3.8,707,وجبه ساندويتش الكودو دجاج مالحه,https://lh3.googleusercontent.com/grass-cs/ANxoTn1LreAkkye9k2gufFXJBM3NzayX2NZ9JSUO5i6bn8tGCmgiGe98gxyUydaCKkAQr4DR01VUfuK82MUAEql-et-dZR3gJMQJbbTEJ96fA9wYrl7kqDFtAw35ZyZHhDRAOmYiErLAaYCnrk1p=k-no
كودو,8551 شارع الملك عبدالعزيز، الملك فيصل، عفيف 17571، المملكة العربية السعودية,3.8,707,جميل جداً ومفيد,https://lh3.googleusercontent.com/grass-cs/ANxoTn0sCNwHuRGY_mHjnJS2ixGtNwyLc8IUaXaKErkzRY8x3TTl9F-j9If625-b738dzea-sxbfZjsNAj1M_R9KEKS9vKP0t503MqvAhPrEW0eum8clYt6CT1SQ9SWQsFj2EabsNHMToAw0SiMP=k-no
كودو,8551 شارع الملك عبدالعزيز، الملك فيصل، عفيف 17571، المملكة العربية السعودية,3.8,707,معامله الموضفين سيئه جداً الى ابعد الحدود!! تحس انك شاري من فلوسهم،، خصوصاً الكاشير يناضر فيك و هو مكشر كنك متهاوش معه الرجاء النظر لـ معامله الموضفين من العملاء,https://lh3.googleusercontent.com/grass-cs/ANxoTn22ihnfeNoDzAkqsK25In4DjbHP59UKt7Dwh6m-TK71-xy_a1N--6LyJc4vPC5ZX14TdarGJ8oVyhb6n-tLHJbGFdybBRzvG4OHAEMElrrNlQxPeNeUpKJdINhHMplRu-saSRtbxbzj188=k-no
كودو,8551 شارع الملك عبدالعزيز، الملك فيصل، عفيف 17571، المملكة العربية السعودية,3.8,707,روعه انصح فيه,https://lh3.googleusercontent.com/grass-cs/ANxoTn3MyKl-SWwfaGsKHPTqFd_rkcixhrH_bW5Hx7yEPPQF4-dVqYuqCxE1aiPtBmwwT2ZAvO5A4kBqqrHT9rcfm3VjFPQvLcMrJG7wG--CZD8_eMRYFB1siPpGdtRZf4yC7pow944kyqq4YR8O=k-no
كودو,8551 شارع الملك عبدالعزيز، الملك فيصل، عفيف 17571، المملكة العربية السعودية,3.8,707,تااااااااااخير في الطلابات وزحمه وخدمه سيئه جيته بسبب الاطفال وعامر والله ضيع وقتي فرع عفيف فاااااااااااشل خدمه ميته اهربو اهربوووووو,https://lh3.googleusercontent.com/grass-cs/ANxoTn1yqKwVvWW1orKx3IgE1XSGg52Gbm_Sc9MRT3OvBpQZWkaXvKH9hhaoZrMo4GPS8iW1p67N7LBQQrQIJaHJzcqsyf6ZgLtDp-YZI6oHu1pwu_Kzpa22f7GUjR9XckCwvIzERrlovjH1wZ6_=k-no
كودو,8551 شارع الملك عبدالعزيز، الملك فيصل، عفيف 17571، المملكة العربية السعودية,3.8,707,جميل بس السعر مبالغ فيه شوي,https://lh3.googleusercontent.com/grass-cs/ANxoTn3F5cj41qeDfcc5tNjLJyET-ZhtPrL_f1E571tGoMoUd1N0kpAE-o1WcZxUkLHgEiuoCYfDoh5sUAUkv_cRdfXdDi2VcD5OyMVnXCTzqhmRSc3oH_c3lG_5uun4NzWTAf0kSDzj4aBByuQ=k-no
كودو,8551 شارع الملك عبدالعزيز، الملك فيصل، عفيف 17571، المملكة العربية السعودية,3.8,707,والله دخلنا وطلعنا المكان وصصصصصصخ قمه في القذاره والله مايستاهل ولانجمه وععععععععععع قذر قذر قذر مافيه عمال تنظف والأكل مرمي بكل مكان والطاولات وصخه وجبات الناس فيه مانظفوا,https://lh3.googleusercontent.com/grass-cs/ANxoTn2FvuSI7X14c7ZPsVAi7oJlSybgTrmyUyoBnHg2bKBZGco2S7gisWU4ZGhOUbvjIYn7uG2sPCYVtYBgVCmNWHEM2AwYDuG5iDtKpmfqSqOGEMWNuchuQywy7pfifW2xGkdTLcQ6wK1bXjE=k-no
كودو,8551 شارع الملك عبدالعزيز، الملك فيصل، عفيف 17571، المملكة العربية السعودية,3.8,707,سي جدا,https://lh3.googleusercontent.com/grass-cs/ANxoTn39maUD9JPYCcxIc0gnQH5yjUfuO14YeDIeyRpIKdnKJsXoLkWkAL3QuvUlrh0TP7XNLevh42dnnlbVQeUk0aQjyTA7dYMJHDIYkm8ZxP3f-Xn0mRyFGBae7PQ0NTIlsjdrVFbJQeOPoqzO=k-no
كودو,8551 شارع الملك عبدالعزيز، الملك فيصل، عفيف 17571، المملكة العربية السعودية,3.8,707,تعامل الموظفين شيء جداً جداً وخصوصاً موظف مصري في الاستقبال اسواء انسان قابلته اخلاقة سيئه ومستفز ويدور مشاكل. ارجوا من الشركه النضر في وضعه,https://lh3.googleusercontent.com/grass-cs/ANxoTn2DU8ockBpzm9aFGxpZfSilmTQG8Pih6F4J1xkilhOE1c8a9AU4inPo_RAp8g0hhf-YD0U9ys-IQN6B9LozeRmj3FI7YOlSeWTJxdASMlQeyHLbvpnNg_57ArEXA8uAgrH9fnvSn6PTYV0N=k-no
كودو,8551 شارع الملك عبدالعزيز، الملك فيصل، عفيف 17571، المملكة العربية السعودية,3.8,707,الاسعار مرتفعه والمكان ما يهتمون فيه بعد خروج الزبون الطاولة تحصل عليها اكل وتجلس اجباري ما فيه مكان تروح له والاكل اعتقد ما يستاهل السعر المبالغ فيه,https://lh3.googleusercontent.com/grass-cs/ANxoTn3thbn7mvtIa5nLM82VlAeGL0Nsg4DlNeEIPTgQGwEphLpVfO_qG9KTA534VmuYo5QzUjHPxufJdY0yFSd-MIzy4ZIRxuVCebg46m59KTWtQYzzaZf2dHEL5zjT540CdnMxCvg8_pQ1HuJP=k-no
كودو,8551 شارع الملك عبدالعزيز، الملك فيصل، عفيف 17571، المملكة العربية السعودية,3.8,707,للأسف وجبةكودو لحم ب٢٩ وجبه. الوجبه المتوسط. والكبير الله اعلم بكم. يعني معي 5اشخاص يطلع ب قرابه ١٥٠ هذي الأسعار اللي تكرهك في كودو. يحطون اسعار والوجبه كل مالهم يصغروها. إلى أين ياكودو,https://lh3.googleusercontent.com/grass-cs/ANxoTn3OkuEO03S2dU2iBSNoOAXKIVBzMzqnSbnEDkc7Jh1J-Nwblsu4BL7IEqI8SUqy27qPxhy0f9_DqlmUBpwt6-Ym6hxuKTWSVqig8hjAORAf2WwZp6prrtthBmMw6ExkR7H77v8c8A=k-no
كودو,8551 شارع الملك عبدالعزيز، الملك فيصل، عفيف 17571، المملكة العربية السعودية,3.8,707,أجيهم الساعه ٤ الفجر يقول مقفلين تعال ٦ الصباح وأنتم كاتبين اربع وعشرين ساعه فاتحين,https://lh3.googleusercontent.com/grass-cs/ANxoTn1APFwWUkbtGj8-E2rMw6jaU7iMLoXMvwgAGpxYHTaifQtO_P2DVeQ4eH-IGeNrnqdBLL6L3Vr9iOa0h-KIIZjNVImo7QSrr4iVJ-kJo6JeMywzy15w6pZKOHPtKy_3_dhWSckT=k-no
كودو,8551 شارع الملك عبدالعزيز، الملك فيصل، عفيف 17571، المملكة العربية السعودية,3.8,707,تجربه سيئه لن تتكرر اختلف كودو عن السابق في النظافه في الخدمه الجيده بسبب جنسيه جديده داخل المطعم,https://lh3.googleusercontent.com/grass-cs/ANxoTn3aA4pTe7fw1K1KOU1uMkBH2TRqVrfaFb6J_3Xe-OX64Igj_MigAEZhCY4nfxeg1Abqf5G1LKth1TKXU5mOJF4J5YQGywALSknpMxjaSJJt9nZ77_YKLnSg3YZPsIkmTH9qm7E=k-no
كودو,8551 شارع الملك عبدالعزيز، الملك فيصل، عفيف 17571، المملكة العربية السعودية,3.8,707,خدمتهم ممتازه لكن اللي فعلا خلا زيارتي افضل هو الموظف السعودي اسلوبه في التعامل قمه في الاحترام والرقي وما قصر ابدا حتى لما كان طلبي ناقص تكفل باكماله بكل ذوق اشكره من القلب وادعي الله يبارك له في رزقه ويوفقه دايما اذا برجع للمكان فاكيد بكرره عشانه لانه فعلا نموذج للموظف الراقي اللي يرفع سمعه المكان,https://lh3.googleusercontent.com/grass-cs/ANxoTn3oepPNIQqszQBetBI1ZLSBAbSep7Qkfk-4arTp9uvCOhS1dW3j-oFXMs1jSc80qWY1qYhO1NQ6njW4L5CfORV4TE9B9RX_4R3bnFjRRVW2W8aRxSVXrJRSkjRNtdOVJaxihIo4=k-no
كودو,8551 شارع الملك عبدالعزيز، الملك فيصل، عفيف 17571، المملكة العربية السعودية,3.8,707,الكاشير المصري غير محترم ويطول صوته على الزباين !! نرجوا النظر، وشكراً,https://lh3.googleusercontent.com/grass-cs/ANxoTn3uI_GbQoxaMum_iqvo71mN9mcd7PbowcActYaDIkP8Mo-oCJpRgp0SSEWOTAqWAMxyTx3nF8MnfVcfW0YlHO9md0H1u5gvLAwjIwkVjpC8GBFHL-2dZWhzDT3mK3uP2B5Yu6yQ=k-no
كودو,8551 شارع الملك عبدالعزيز، الملك فيصل، عفيف 17571، المملكة العربية السعودية,3.8,707,لاباس,https://lh3.googleusercontent.com/grass-cs/ANxoTn3mPeeUVnAKK0GbsGSozz0bAnrl0a7NfGK2186--0a597gBQtSGXis-LCXLuvbiMMd6xE2RUj-f1yNqMnCz36WcbqwF_Bx8U2wCngns2pcuHtwXh-SzIspyWj04vS_Lx0ExjxeqXg=k-no
كودو,8551 شارع الملك عبدالعزيز، الملك فيصل، عفيف 17571، المملكة العربية السعودية,3.8,707,دجميل جدا الا بعض من المشاكل مثل الكاشير غضب نوعاً ما,
كودو,8551 شارع الملك عبدالعزيز، الملك فيصل، عفيف 17571، المملكة العربية السعودية,3.8,707,بطيئين,
كودو,8551 شارع الملك عبدالعزيز، الملك فيصل، عفيف 17571، المملكة العربية السعودية,3.8,707,طلبت من هنقرستيشن وجبة برقر دجاج وأفتح البرقر فاضيه مافيها شي ! بس خبز وقطعة دجاج وحتى خدمة العملاء مايستجيبيون إلا الصباح ! وش برقر آخر شي فاضيه سيء جداً,
كودو,8551 شارع الملك عبدالعزيز، الملك فيصل، عفيف 17571، المملكة العربية السعودية,3.8,707,رائع ونتمنى له التوفيق,
كودو,8551 شارع الملك عبدالعزيز، الملك فيصل، عفيف 17571، المملكة العربية السعودية,3.8,707,ممتاز,
كودو,8551 شارع الملك عبدالعزيز، الملك فيصل، عفيف 17571، المملكة العربية السعودية,3.8,707,ممتاز,
كودو,8551 شارع الملك عبدالعزيز، الملك فيصل، عفيف 17571، المملكة العربية السعودية,3.8,707,جيد جدا,
كودو,8551 شارع الملك عبدالعزيز، الملك فيصل، عفيف 17571، المملكة العربية السعودية,3.8,707,كودو مشكلته مبالغ في اسعاره الوجبة,
كودو,8551 شارع الملك عبدالعزيز، الملك فيصل، عفيف 17571، المملكة العربية السعودية,3.8,707,سريعين مرة,
كودو,8551 شارع الملك عبدالعزيز، الملك فيصل، عفيف 17571، المملكة العربية السعودية,3.8,707,عادي جدً اكلهم لكن بسال هل يوجد قسم نسائي؟,
كودو,8551 شارع الملك عبدالعزيز، الملك فيصل، عفيف 17571، المملكة العربية السعودية,3.8,707,طعام غير صحي,
كودو,8551 شارع الملك عبدالعزيز، الملك فيصل، عفيف 17571، المملكة العربية السعودية,3.8,707,ممتاز جدا وتعامل الموظفين ممتاز,
ماكدونالدز,"Dhabab, الرياض 12232، المملكة العربية السعودية",4.0,6045,الباريستا فى المكان غير جدير بالثقة ولا يتحلى ب الاخلاق وفرع لا يوجد به مدير ومعاملته سيئه جدا,https://lh3.googleusercontent.com/p/AF1QipMX22eDatTOOOoA0ZRXoE3yRprqtu--8vQkOXCM=w1920-h1080-k-no
ماكدونالدز,"Dhabab, الرياض 12232، المملكة العربية السعودية",4.0,6045,"Perfect for a quick bite. Check their app for daily offers, they have good deals on it.",https://lh3.googleusercontent.com/gps-cs-s/APNQkAHribTXpoxDdqUZsJ2gK0oDmZ6SMUA18xTOLKVabf9qchCWIIX_NR766yxWZKGghAb4ITf7zIqP0yVGZdWtdLkDLhSPSaNpbTQbgaZ31guUfT8fXML2qpl6VMAwqQLveXn8jQY2=w1920-h1080-k-no
ماكدونالدز,"Dhabab, الرياض 12232، المملكة العربية السعودية",4.0,6045,اجواء المطعم جدا مرحه بوجود الموظف المتميز ب أداءه ريكو,https://lh5.googleusercontent.com/proxy/5MHblUb3wr4IdtB6d9SdHmYpfMwFZchdvG4X4Z3tiscvTVuWDPXceSQ3NQiwd8M3lg1SwcR0f9drqm97zWIFzqi9tbE_FpQHKa9m0yKQLrezo9R5O1Z_bZJu0yCM4kv3infVyicaI7uvhoijAoJ7BIEDlK24dg=w1920-h1080-k-no
ماكدونالدز,"Dhabab, الرياض 12232، المملكة العربية السعودية",4.0,6045,"this branch is not a dine in, it's a cloud kitchen for food delivery apps. The only thing I like about it is they found my lost phone. Parking is all filled with food delivery apps, they are waiting inside as well and occupying the bathroom sometimes. Really annooying dine in experience. And I think the solution is easy, but the big brains in McDonald's Saudi are not really that bright.",https://lh3.googleusercontent.com/gps-cs-s/APNQkAGVnbQ3hT502J6TAbyU2YPchZM_9YMdMOwlfKQg5DOdkDtqp2QyJaimYsRdBFXytSE2j6irtG_pXT8Z3cuUoweZ48LbLML4SFhFZRTNQ1uV3ZnQkLV4FMiQSpJh-O6uhM_OiIoAxjWwv9eW=w1920-h1080-k-no
ماكدونالدز,"Dhabab, الرياض 12232، المملكة العربية السعودية",4.0,6045,طلبت وجبة حجم كبير وصلني البطاطس بهالكمية بس؟؟؟,https://lh3.googleusercontent.com/p/AF1QipOxvi7e2tHnjB2Sq6-hL7LUBwuqe4I2fTHqUrWO=w1920-h1080-k-no
ماكدونالدز,"Dhabab, الرياض 12232، المملكة العربية السعودية",4.0,6045,اهمال فضيع بنظافة دورات المياه!,https://lh6.googleusercontent.com/proxy/VjunvNkbo55AIqL4Wk_noGNw7mg90SF00_op3urHxv3JNDcO7gyphjwGsf_bRj4y9a4_lYfGMoiHwOdUThHCJ00b9jLR5Ry47KL_yEOIYFdNFn5o7OyFYL3xi_69xlq5JIhzplUne7ztzBkvRe3hzIlSgrsT0n8=w1920-h1080-k-no
ماكدونالدز,"Dhabab, الرياض 12232، المملكة العربية السعودية",4.0,6045,لايستحق,https://lh3.googleusercontent.com/gps-cs-s/APNQkAH7e9yTdcM7WjJTmVFxgsjQIGVfRtfOHK1vr_FmP31_u_CtQ30JqzCUJmMODag7jhGYrMDC6XrBoAO0uXTaVqqv757Bhhk2mPiBYfgRj4bClUDbugKUv3pKYIhB1qXBBovDX_9G=w1920-h1080-k-no
ماكدونالدز,"Dhabab, الرياض 12232، المملكة العربية السعودية",4.0,6045,الاكل كويس ولاكن الموضفين يتاخرون في تسليم الطلب محلي,https://lh3.googleusercontent.com/gps-cs-s/APNQkAGGU3KCe3Exi7BEEGAuc9Orru-TqgL291M52YT8pA2W-L3jhkuFjweEThzcuwFdl9AD3420s8pWAhBNky1SGlu8MNvb3r3aufnzL4rE7lnNsUU0hxU0dVaxT514lXSUZoyTjPiT=w1920-h1080-k-no
ماكدونالدز,"Dhabab, الرياض 12232، المملكة العربية السعودية",4.0,6045,الاستاذ منصور الدايل ما قصر الله يعطيه العافية,https://lh3.googleusercontent.com/gps-cs-s/APNQkAF6mKfPhbOhb116F6nybA1gR3gi_e1ordOPHO-_w0W8kT5EmFktoGQX3q16_QNFTUWFBlmo0kA8uty84P0QPO6e7TcXXN308PZXuPajzM_wng8n_LtuY9gmr4bc180GBCQa15hd6Ys5mS5o=w1920-h1080-k-no
ماكدونالدز,"Dhabab, الرياض 12232، المملكة العربية السعودية",4.0,6045,Another order from a different branch messing the whole order up i paid for this order 40 sar!!! Big double tasty chicken ! Guess what they want you to have a hard time chewing they added no sauce??? And the chicken is so so so dry,https://lh3.googleusercontent.com/gps-cs-s/APNQkAFsG4Byo-p9ZDL4Ltzav3M2i2LEBFVJagOwKRdEYcF4MQCzmBTD1PxNjXQWwrUcdsQVpJysN1OsvMf4Ypi9g-RupiPEoUZUxn8Tm2zzv81RL1vU1BcMdiWkZQDT4AqpXXTGCVxNzrZBJ7Y=w1920-h1080-k-no
ماكدونالدز,"Dhabab, الرياض 12232، المملكة العربية السعودية",4.0,6045,موظفين في قمة الاحترام وخدمة ممتازة,https://lh3.googleusercontent.com/gps-cs-s/APNQkAHuQZx4STCxzjn2k3YgWLnoy_vH91NCfsSaAVlrfw9AM5eH-KxcEbjdz20bZYs-J0laX0NofmUSXthj9sDG51XKqWTBs4gvjAVr0RBbqrmChKpW9x9RhZ67ym5AN39WL8zZ6DUrwA=w1920-h1080-k-no
ماكدونالدز,"Dhabab, الرياض 12232، المملكة العربية السعودية",4.0,6045,من افضل فروع ماكدونالدز و شكر خاص ل مدير فرع منصور,https://lh3.googleusercontent.com/gps-cs-s/APNQkAGfxnuQRETG_v8eNRw6PwjAtz2eBFz_fQEwBTTTRPHH8RMg2VYKp_ZK_ANi7gK_K7Sj0NMQewiCUttg5JKbjp1f5vurBCMNKr9vUarMCyQOM3kFHGeysghGcSAZsUYn-PSc9aU1m7bAy1tD=w1920-h1080-k-no
ماكدونالدز,"Dhabab, الرياض 12232، المملكة العربية السعودية",4.0,6045,الذباب كثير بالمكان تبقي قاعد تتغدي او بتأكل آيس كريم وهو بيحوم حواليك,https://lh3.googleusercontent.com/gps-cs-s/APNQkAFK-mm9C_jeVLUBRs5nexuG25zdHveWvUbfu_OVcfkJVJ2iu6B5fBqabfhvmt477dcwpkBDCDPZhBatm4ZWtvw00KhrFX9Hs8OXq0jH0M8ZGp6cCtPlGZjsaisOnYtIEH8VlrxEvwjwn73T=w1920-h1080-k-no
ماكدونالدز,"Dhabab, الرياض 12232، المملكة العربية السعودية",4.0,6045,السلام عليكم حبيت ماك من الموظف منصور الدايل قمه من الاحترام والأسلوب الله يوفقه يارب ويرزقه,https://lh3.googleusercontent.com/gps-cs-s/APNQkAEA8MCNtIY5nUy76bS9wtME_WqRV6EtYAzZ0yesBjXSJFYsNWWY1eoh0kpXliW7y0ZA13uY8S24BsGN9tWm9U7u8j_P_fWq9p3wXblSe_0qU5uhN7SNS5DWoaD2E_AIfbGOVu86=w1920-h1080-k-no
ماكدونالدز,"Dhabab, الرياض 12232، المملكة العربية السعودية",4.0,6045,تعامل الموظف بدر العسيري رائع ومحترم,https://lh3.googleusercontent.com/gps-cs-s/APNQkAE8Rg0cPLvwjAVR580UX8HSRDNZ0eTcmJ1f3Fw1HrOsqnpIhMItkSHAPBuFyJRw5S7MpbhwSKB1Ea16z13b47g46iqL5Z5-yhBwZXjwhEKTq5Aptx3M6Aus8pug0juJfANoBz73nw=w1920-h1080-k-no
ماكدونالدز,"Dhabab, الرياض 12232، المملكة العربية السعودية",4.0,6045,أفضل فرع,https://lh3.googleusercontent.com/gps-cs-s/APNQkAG31bRuev7ihA9BS7kRN1WY5xOZ_d20ioyOXKxScehPTlh7nkSNG2lhrIIFkCIuJXfUYexBu1yiUCOf8usB-3VKMimrh-59NdjIj-pdhCOa3YIgVud2eNwVjuCZk-rz6N9EwUE=w1920-h1080-k-no
ماكدونالدز,"Dhabab, الرياض 12232، المملكة العربية السعودية",4.0,6045,جميل جدا ونظيف,https://lh3.googleusercontent.com/gps-cs-s/APNQkAGW2T2muDyjtso0Wcz_26CwelQQJs99BdLae99DFxEdYza62L3MbiZy5glK3Eez50SSGYZpBQdc--n0dBOG0XG3GB14zCHE-XX86cgHvUTYWzHi0-rpwpAA5ezz3wxw2OthMNNz=w1920-h1080-k-no
ماكدونالدز,"Dhabab, الرياض 12232، المملكة العربية السعودية",4.0,6045,جربت عندهم جراند جلابينو بنكهة صلصة تباسكو لذيذة جدا,https://lh3.googleusercontent.com/gps-cs-s/APNQkAEfqIIPtcpZQQb1arfXwoGDE6vXzUgkcJr2IKrW_9fDbHeyED-oh0zipFZ_YgIaWxLTDL0ZyVKUbzxksVnyD88Q4kBpRgEE90bOBWvAg9NLs4-hbMNoUrrvHonn5pwWLRgoTqDe=w1920-h1080-k-no
ماكدونالدز,"Dhabab, الرياض 12232، المملكة العربية السعودية",4.0,6045,Good Food and need to improve service,https://lh3.googleusercontent.com/gps-cs-s/APNQkAH2r33mRrWN2-t-JmyJnOFUCBtSgaPivdwxFm-i6SLjBahw7ZF1g7WUtxyUy-IBdSQc1270vQwxCAW1B8Femb2bofeqGJgfyYp5uxoWHCkrt_TDd0ERnp8ckapqVd92OWP1NUGz=w1920-h1080-k-no
ماكدونالدز,"Dhabab, الرياض 12232، المملكة العربية السعودية",4.0,6045,Good food,https://lh3.googleusercontent.com/gps-cs-s/APNQkAElWHJUr1nXdvVJSMNlj44dX9uIJ9FeePQaxHaKDYBvgjHAfNPDIssjtPPbXBae92hU29BAlT14yc6u3CAQNl5uKNTCcsG2718f4JIYs-dCVeanRXzwW9c2VCP1668pMtMep1i_ZQ=w1920-h1080-k-no
ماكدونالدز,"Dhabab, الرياض 12232، المملكة العربية السعودية",4.0,6045,الطعم لاباس به بس يراجع الاسعار المبالغ فيها,https://lh3.googleusercontent.com/gps-cs-s/APNQkAE4aKcxNupCjT9c3wgFGHnwPZ8in170HWaF0K_lMCLVEWCJq1I7H7a1RPoCHS-NGzAZuufvNhGI7LF-ACU6ps1XWAkjHInRzcMgVF9WiRrEKvU7BK7G71kkT5dP0KiH76BdLuNEsg=w1920-h1080-k-no
ماكدونالدز,"Dhabab, الرياض 12232، المملكة العربية السعودية",4.0,6045,نبين شكرا لخدمته وحسن تعامله,https://lh3.googleusercontent.com/gps-cs-s/APNQkAGMaoIwb81lDoswMUPZBYHPG7v1c6093qWg-hx1m4dwOLtYeYxPc9QokAn7SRtn9JhNBs7kG51lUQs_nWCws3dtXfz6fp-OXGATqcPF7LhFm-hqaKXv_p7W0lvpQH3pjTl6-Mvc=w1920-h1080-k-no
ماكدونالدز,"Dhabab, الرياض 12232، المملكة العربية السعودية",4.0,6045,موظفين غير محترمين وملكعين طالبه وجبه مديم عشان المشروب اخرتها يجيني مشروب مليان ثلج ويقولون انا الغلطانه شربته بسرعه!! والاكل جايني بارد وانا طالبته فريش وقال لي ماعليك اقوله شوف الكوب مليان ثلج يقول ادري بس محد قال لك ماقلتو لاتحطون ثلج!! يعني بالعقل اشربه حار يعني اكيد ابي ثلج بس بالمعقول مو الكوب معبى لفوق !! صوره الكوب ذا بعد ساعه بالضبط مرت ساعه والكوب عاد نصه فيه ثلج قبل كان لفوق يعني موظفين ملكعين بجيحين غلطانيين ويستعبطون كله اعاده تعبئه لو الكوب مليان وانا ابي يتعبى من جديد اوك لكن بثواني يخلص الكوب وتحطون الغلط علي!!؟,https://lh3.googleusercontent.com/gps-cs-s/APNQkAEuXf3fp05lqpEB4t3OlidQbKUNa5BeBMbdnhqJay9Se8o_DYCsq72yCflW1NGQ_RmjEFiarqbfVAFf9xj1gUr0MRWjWqVRKEOZA_eLGctXClvy-Y4kTqZMC2aKhpYWiZluYqyi=w1920-h1080-k-no
ماكدونالدز,"Dhabab, الرياض 12232، المملكة العربية السعودية",4.0,6045,أنا مشعارف أوصل الى مكان الشركه مين يعرف مكانه,https://lh3.googleusercontent.com/gps-cs-s/APNQkAEkycNWNhD1uu1ELZ1kNf13KTawVpiEpUH7rfai2dacdRwEDXEusylCbdKmoqYWwGk38kOXYylt3J6v4Bl-mdufacB8t2YQYvoJCFOJ5TGMuGB93WCv4ZK9rDFddnbnF3m8bufE=w1920-h1080-k-no
ماكدونالدز,"Dhabab, الرياض 12232، المملكة العربية السعودية",4.0,6045,خدمة رائعة,https://lh3.googleusercontent.com/gps-cs-s/APNQkAHB6sOsXxZHilh-rCDMmcCrbsCz7OfXSu0vB92Ei18tVpCvsaUY-r2acey4mXZ6lzVepPH8H0MtmuCoKCSvLNQl3YSIgZmCubNr5u4mJM3h_iOwDV6gmhVFp37ic6GcEjDLD7P2YklHtW2l=w1920-h1080-k-no
ماكدونالدز,"Dhabab, الرياض 12232، المملكة العربية السعودية",4.0,6045,Excellent place in every respect. Very efficient. Cordial and courteous staff. Thanks to Saujan !,https://lh3.googleusercontent.com/gps-cs-s/APNQkAF_Tw3z-uegtjN1UEMDA88SbswJSj7QxQcNCdI_1EWOFj0G8bRLjKl4b-MXcPGQbVR9Zdn9-vVNOSj04udB-O6qW7p1w7kMKMOgpXGrZxv1XnbgWVW4HU7FnwDBx1HVeSFSctRjXzo7vFme=w1920-h1080-k-no
ماكدونالدز,"Dhabab, الرياض 12232، المملكة العربية السعودية",4.0,6045,ياعيال طلبت سفري و عطاني كيس به وجبتين و انا طالب نقتس سحب علي المشكله ما دريت لين ابعدت عن الفرع,https://lh3.googleusercontent.com/gps-cs-s/APNQkAHpK4UOvllX0GdhWYDq8GKvP1cAFFYKoCqxAbzNQD-wBZcDIeOeFswzwLht3YEDwcNhnM4oyqNCgg5NW86Ui6UjTfijpxZEqsbTi4OQshkXvX4IFLDV91Iw_E3i-0yVOgA2MzFH=w1920-h1080-k-no
ماكدونالدز,"Dhabab, الرياض 12232، المملكة العربية السعودية",4.0,6045,The food and place is equally amazing. A must recommended one.,https://lh3.googleusercontent.com/gps-cs-s/APNQkAEX95pWk3d6D0ch9d5aOZ-uLmBcziNhw2urnND1LEd_XSueXuUTm7UZUPhIjapak5KdhA6kQjd4zDrErDTPOQU7WFj4lYq692hp0Ye8WNfB066Fsf62J2scTeglPdHzifMFGTdfCw=w1920-h1080-k-no
ماكدونالدز,"Dhabab, الرياض 12232، المملكة العربية السعودية",4.0,6045,I have 2 times experienced when i ordered large fries but the portion was really small it happened twice already im so disappointed,https://lh3.googleusercontent.com/gps-cs-s/APNQkAFxsFlKZibZwQoUPozxU99Sglqq6eRIHMpKwRTudSjaMoBUOsDvUDl8VRRsy5sRcRGVhE4j7Rio-D7QFncH6MZ5-LM3TNBTNLPs5IfcbABMfDEIobYub7Rcw4bPJ1ne-NSxCsFu1g=w1920-h1080-k-no
ماكدونالدز,"Dhabab, الرياض 12232، المملكة العربية السعودية",4.0,6045,مره يجنن,https://lh3.googleusercontent.com/gps-cs-s/APNQkAHzD2K4DHQWu9WfOdjHjcRwsHNfJHnRZQ-dXf7dwitAvG4zsHrGNCNNUbkRWgStL2mHlS1D1b3Jf3fBQD7d8xRmTHGykPrk8Yrj8JpcgX8UcFXMueG5RD7bNpk3Z8RzNYS3z86XuY5U1yjL=w1920-h1080-k-no
ماكدونالدز,"Dhabab, الرياض 12232، المملكة العربية السعودية",4.0,6045,"Cheers to Syrian manager and Mccafe barista this morning , asking how am I and why I look sad ! Is making your customer feelings great !! Hello team sulaimanyah McDonald s ! MABUHAY to all of you",https://lh3.googleusercontent.com/gps-cs-s/APNQkAE6dKK_NR4np9QLMV6aKQu94sbFscaLOaEzzKsaV5CDpfQQDxI6WJm_5FbhhvbOWWUU3kFUYF0EAKOCyJPHjAJ_P6kzoOkPFDvwE_GVC9huOfgih-ZjDu5ZJloNP_dWmEju0qf_=w1920-h1080-k-no
ماكدونالدز,"Dhabab, الرياض 12232، المملكة العربية السعودية",4.0,6045,"I ve always ordered from this McDonald s, but my recent experience was extremely disappointing. I placed a simple to-go order for a burger, fries, and a drink, and waited over 20 minutes. When I checked at the counter, my order was already ready, but I wasn t informed. To make things worse, when I expressed my frustration, I was told not to return. This isn t the first time I ve had to wait excessively usually, even a simple order takes around 30 minutes. I strongly urge the management to improve their customer service and communication. I hope they consider retraining their staff or revisiting their processes. As a loyal customer, I would appreciate a more welcoming and efficient experience in the future.",https://lh3.googleusercontent.com/gps-cs-s/APNQkAFi-PnP-kqzQYZAXoaxT6l0PKJ-DabeJlHmocO8hJYS-g1W79L3cxGy_KzXkfCTZUncN_IRxl3xzseL-UK_UX9RO2FrE7ZvDzQ_E97dQmR49WOLW7gQ3rOItbqQ8e4DXC8es_F9Hg31iew=w1920-h1080-k-no
ماكدونالدز,"Dhabab, الرياض 12232، المملكة العربية السعودية",4.0,6045,شكرا كابتن علي جمال,https://lh3.googleusercontent.com/gps-cs-s/APNQkAGEyzk-FTG4Xo8l9kOY1JpeAGvMAbk7C2GhPoZBmVF3FkRSZ-PJOqS-Ymzu5PSWxbTuiTy1FBmME09jmbDp4VIyrfiD5xB7bitOhuf0z7eAqlGDq9Q3ZP_iIlH4S34YQimADM4Z=w1920-h1080-k-no
ماكدونالدز,"Dhabab, الرياض 12232، المملكة العربية السعودية",4.0,6045,Good,https://lh3.googleusercontent.com/gps-cs-s/APNQkAGau0j60IRYhp6kdcAjTu8mXWvqxv5zNf-1PE_my39byTu80LchxUOG1cGmc0oTk2GyEIcxoCrv55U9u1MFUdvwY87jRm-54J1Ze3NEizZXD8mx2YDsuba72_Kz-OcRSHkwymsF=w1920-h1080-k-no
ماكدونالدز,"Dhabab, الرياض 12232، المملكة العربية السعودية",4.0,6045,الخدمه سريعة جدا والطاقم متعاون ومتفاهم حصل لي اشكاليه بالبطاطس اخذوا الموضوع بكل سعة صدر ورحابه وغيروا لي الطلب بنفس الوقت,https://lh3.googleusercontent.com/gps-cs-s/APNQkAEd9T1Us5-qztN7LUEbSDi5JvvByVzksSHrjowNA2EzjQp0tlNo0mldLLxbnuePXBrkuexG02yprMpgX7UzVi7fXKFfj8Z5gDhIU6UssVRmhPr5CReKWL7wi-VifD0aGSqmujfcBA=w1920-h1080-k-no
ماكدونالدز,"Dhabab, الرياض 12232، المملكة العربية السعودية",4.0,6045,This branch was the best branch in Riyadh. They changed the whole team and it became the worst. We have to always wait for more than 20 mins to have a coffee. They are very slow and not well trained. I suggest to the management to give them a proper training.,https://lh3.googleusercontent.com/gps-cs-s/APNQkAFNZDh5UcDfgHlO8egRkuKM-2J6SPDJZBlXfywGb3yQnJy1zeRglxIAXvHF2PVl4bdbo0UXl5m0AyeCMn01jfwgskouJNQQX57bmyjvMWJVKr5CdxIf4MKPKNGkogwMZyprhtzaiA=w1920-h1080-k-no
ماكدونالدز,"Dhabab, الرياض 12232، المملكة العربية السعودية",4.0,6045,خدمة النظافة سيئة للاسف عند العوائل ماهي من عاداتهم,https://lh3.googleusercontent.com/gps-cs-s/APNQkAF8pVU29pk-MseQLm0_A3U0GdGZWqbZPwVAcJcDKp3bDPRWMLIo3--FNCR3i0mHizaR0pmiJmMHSGCzzyIvNPv36HBb0Kuf9IvpKTa68Dyj44RaAOR4UhZ-NrQSnL49gweM6VJO=w1920-h1080-k-no
ماكدونالدز,"Dhabab, الرياض 12232، المملكة العربية السعودية",4.0,6045,After eating our meal I was surprised someone parked a crane near the back of our car and it gave me a hard time removing it from there imagine the hazard of a hard debris falling from the building to our car and it was inside the vicinity of mcdonalds dabab it was without any signage or anything I informed the manager regarding this terrible terrifying experience very traumatic astagfirrullah,https://lh3.googleusercontent.com/gps-cs-s/APNQkAFbk8Y0-Mr1RYmzC3NgK3ko5qTwaaCut6AsHpTn2GWLZ0yq04cG7RQb8stvB_D5j0prUjT8-pddWzc5tU94_9jR0gNLWdDAyMPK_VxqUiLKE4bLTr_HviRhZ5S_vOGn7JLoocb-ZA=w1920-h1080-k-no
ماكدونالدز,"Dhabab, الرياض 12232، المملكة العربية السعودية",4.0,6045,Have your kid's bday party held in their place! Great event....games and prizes included!! 4 too for beinf fast food chain!,https://lh3.googleusercontent.com/gps-cs-s/APNQkAFjKjS1ccKTCT1y5ESAI1ZfCjbi2Eo60dIyfr9f12GK6on_20bkuu-qM6dihqilDVghYudl0HfloGkHQ0nGgK1gKJR703Dvp7s9_KHlXsiKoeMRf-z2k7x6X99XEkW9maNmnJvShKDTTEMs=w1920-h1080-k-no
ماكدونالدز,"Dhabab, الرياض 12232، المملكة العربية السعودية",4.0,6045,فرع كتير سي الكاشير ساعه عشان تطلب طلبك ولا,https://lh3.googleusercontent.com/gps-cs-s/APNQkAGk49PQqpGRa0Z3uiOuxpNyIBfbBpuCkEPAkwcUELA_7UKYlr_XYZNS0rvVor5KAo6LUq1abJNZjVPwuwubkvJkiA4FaXrjeWfbmT-Nwkkg9WAZQnkf0mFB_7IXavf2ekLHS_GX=w1920-h1080-k-no
ماكدونالدز,"Dhabab, الرياض 12232، المملكة العربية السعودية",4.0,6045,من اجمل فروع ماك,https://lh3.googleusercontent.com/grass-cs/ANxoTn2D5Bt25R6Kc0CPTe3PM8WnPfES_VJZxESqB4uwwGL5zlqbj2vNEWArYEu5qIQ2w1llrLZm8epvJ1mFyYWaEn2Ke_8os85u9xr8x-vugo0qilGJtieCNwZjDKGNqMGAz1ApuM3x2x1berMW=k-no
ماكدونالدز,"Dhabab, الرياض 12232، المملكة العربية السعودية",4.0,6045,سيءءءء,https://lh3.googleusercontent.com/grass-cs/ANxoTn1RxmqRs71BWQJe0HOHZF9uZc533ymQD9KZGpPZVbI-e-L2Kn_662tdjo6xmtiMoeCmkJQGnZGqnyr3tXxPPJoWpPZ-fPzlsC-7zkkXVbNAiQB2GCI3MMGzT0yYLNMyLf1nlUcXyn5p-nWO=k-no
ماكدونالدز,"Dhabab, الرياض 12232، المملكة العربية السعودية",4.0,6045,الصور غير الحقيقه,https://lh3.googleusercontent.com/grass-cs/ANxoTn3KqyHB4Jmizg3cKC-V1iuzogMejzEyk9rpqs6BSnKk3oXNz0RpZKJLukLuWzS0A1QlzIaGtYW2M405E4i5T6U5GOhWHb32oqZSNQRwqW0vEZ-NyzlK2KgDIFOpYU1Eu1EHaVRhxPP-hz5N=k-no
ماكدونالدز,"Dhabab, الرياض 12232، المملكة العربية السعودية",4.0,6045,خدمه سريعه,https://lh3.googleusercontent.com/grass-cs/ANxoTn1usUJpcEmn-n1AI4zdyn7Fi-J50PrGIBCQI_2BoWqpd985M-6MqxLMcmzPGKaCl_ey5PAGx_bRw_iuEuo4e6kI_kdLY0VgPm90HRMwT8PNEm-br89pm2Uo1ZqJt8n1CsyodtAGMnNxl7c=k-no
ماكدونالدز,"Dhabab, الرياض 12232، المملكة العربية السعودية",4.0,6045,Kids party is very good here . Especially the service and the crew is very good.,https://lh3.googleusercontent.com/grass-cs/ANxoTn1x0sK_QRsTO0MXHd9dBLix5Noxv1cCGkBUdmNh-jVYjbvAYduXKf6uaOtNoAhja_0fXft_sQxaHYoks1xFZSi3zZlAjjRM3CIzMdCPt3A7DXXooIg2SZMU_nj6JHsBIMbqhUEOIOx3V-DI=k-no
ماكدونالدز,"Dhabab, الرياض 12232، المملكة العربية السعودية",4.0,6045,ممتاز,https://lh3.googleusercontent.com/grass-cs/ANxoTn3qsC9n_o49t5Es-PWtwBhHGC4v_SwL_a8W267r6AW6m8VyQcAFiPe2GLakE2V1E-SjLy1OLb2qOotiWNkL_ndF8uXnQQE4ctLbAeLfJcZ4FUvrPxYRKCodIM8QTeAA95MCtfrRXUs8dRo=k-no
ماكدونالدز,"Dhabab, الرياض 12232، المملكة العربية السعودية",4.0,6045,"Thank you, McDonald s! The party was well-organized and the kids had so much fun. Mr. Rodney handled everything smoothly and made the celebration extra special. Overall, thank you for hosting our party",https://lh3.googleusercontent.com/grass-cs/ANxoTn0yh9ecC60FcUOLP-vsaAx58ytOcGBX7sgZn0U83uQixrpPJN47LdjoiC385TJCHvQEQcleuNcRQZvwMBBQ0cuBw4NcOU0AkeEhO8Tn8rqmJwByB89s0CqYT3-K_HwD5q1y1Cvk0slY96_3=k-no
ماكدونالدز,"Dhabab, الرياض 12232، المملكة العربية السعودية",4.0,6045,"Hello sir rodney Shout out to u We would like to thank the whole team for the amazing birthday party experience! The party host were very energetic, kind, and helpful. The kids enjoyed all the games and the food was great. It was such a memorable celebration! Keep up the excellent service!",https://lh3.googleusercontent.com/grass-cs/ANxoTn0wt0jqP3_mc0BZKBoLFHruT3vWHmmdM8mDdMtaaxVA4cGj_I0GWRaKdHSt9yDZIJa7UHzpf3WLEnwak3vEBppSpTSNZUg3lpp8-gwDJWvqp4hHfpxPhJn-riJd8hw1S0Hs11J93VXpZXVK=k-no
ماكدونالدز,"Dhabab, الرياض 12232، المملكة العربية السعودية",4.0,6045,"Thank you to kabayan Rodney for hosting our twins McDonald s birthday party. His hospitality made us feel like we were back in the Philippines. All we did was make the reservation he took care of everything else, from setting up the place to arranging the balloons.",https://lh3.googleusercontent.com/grass-cs/ANxoTn25joIM8B_kiipey7E2-XxOfUqE_7WvEqLC-fsNkYma5L2-rv0pEi2GRGjcKU1twFxyKpLjhB1dvSztjdIiQLiBEal7WSAl2JMJdiK449d8CRWhUTy-SeDvXB5bl2TNgLrN1ecsNux9dGTx=k-no
ماكدونالدز,"Dhabab, الرياض 12232، المملكة العربية السعودية",4.0,6045,"The cooking is very good, Mashallah",https://lh3.googleusercontent.com/grass-cs/ANxoTn0my8yTWqGhh9wAQXN5azNNRW6MOBKcHHgE7-FavUfumuWkN_2uA2IumHzCZoE0uIDg7Ve6xmbCFTmxiDJJ1D2ZS5mJie17PVci0DWzoRyHCsY-fX9v4OWNEh6d3pwuZhWXPyIMN4FRzEE=k-no
ماكدونالدز,"Dhabab, الرياض 12232، المملكة العربية السعودية",4.0,6045,Perfect decoration and well executed party by rodni. He engaged kids for 2-3 hour and kids enjoyed a lot during all the time.,https://lh3.googleusercontent.com/grass-cs/ANxoTn2Pt1GJIDH3hf8GBtHvfqQSzl7-nHZtJfx1imlbBsFKebCF0QB0U2hKE9_vZK8isln4qWGKLdVUBwM_ruhaeNy-wenhv4VyWxvpG8rRnwOtxmu_17Hf6lOO4WgZiTYePT7oUNaWbqEFTo4u=k-no
ماكدونالدز,"Dhabab, الرياض 12232، المملكة العربية السعودية",4.0,6045,"Thank you Rodney for doing an amazing job during my son s birthday celebration. He was organized, fun, and very attentive to every detail. The kids absolutely loved him, and the whole program ran smoothly because of his energy and professionalism. Highly recommended!",https://lh3.googleusercontent.com/grass-cs/ANxoTn0P1Gpj6e5xpemcxj-1MWUgtGV0F66AuDElyA8iaOcP9_DSFx-Bc5HI8Ikwwj4BRXNOefEipcMbftvvewKnFMfN1H0CFknYwW4Gh-OidOnTg2vRV-Yc7IB1FGrQAzMX1v-KO8Wu8n2QiHec=k-no
ماكدونالدز,"Dhabab, الرياض 12232، المملكة العربية السعودية",4.0,6045,"We have organized Birthday party of my son, it was nicely organized and special thanks to Rodney who host the party and mad event memorable. Thanks",https://lh3.googleusercontent.com/grass-cs/ANxoTn3-xLPTquTwl9TWdMPbhdIhh5pIoc1iFTr_y9PiHvYnsI18gwlupK9VOQSqHG2sbQqw9MQOC29Im83OeukVLjQB6YgFA-DJM1HBksaO_Hs3v8NQyYbbuMke73UC630hKWnLOICoUOdhCbA=k-no
ماكدونالدز,"Dhabab, الرياض 12232، المملكة العربية السعودية",4.0,6045,"This is person beri beri bade,,",https://lh3.googleusercontent.com/grass-cs/ANxoTn26YD9jM_dtKdn8gy4OywGnfMEVPpWkYnoPcM-pVgw6fTwB0DA6z76j8UiefyRh5_i3wgI2hazsN5hcmD8d6YRuCZzKP9iUAvGsPHR-1XRtpIWeSvCLY4ndvQBY7A7t_839Z03p9csg4e8=k-no
ماكدونالدز,"Dhabab, الرياض 12232، المملكة العربية السعودية",4.0,6045,The service is very bad your employee behavior very very bad,https://lh3.googleusercontent.com/grass-cs/ANxoTn0qcQd-vU4yWV8ltvQLZQVduwhMfWl4VHFXwCt1zdDtRrabf9qmzjzcn5KdXNuBi_O5EVi_QE4n7L0P1mKP065ogLr3i00DsNPVbh8PI-5CBQLvqQq3pcSiIiJRii4i8VK7zdk--efw7r1F=k-no
ماكدونالدز,"Dhabab, الرياض 12232، المملكة العربية السعودية",4.0,6045,تعامل الموظفين سيئ جدا !!!,https://lh3.googleusercontent.com/grass-cs/ANxoTn0DuDs-bGbicPmx38wu3B9hTTDqc3b5ujwTIlrkXR9Q2cHnPSU-hXle5qFuL5besjCVfhGh59s8zoL4qIGjiEnsBUwXGdisgOjzzVnqDzlbqa6XFVtvOy7PbTxcsZYFa_t-W0Oypyaa4dKe=k-no
ماكدونالدز,"Dhabab, الرياض 12232، المملكة العربية السعودية",4.0,6045,This man is not a good guy this man is behaviour very rude for customer,https://lh3.googleusercontent.com/grass-cs/ANxoTn2efxDUUzrFHfME5nYEZMhSORlhKkvVuJFjzI7bg_HtkePvxiPEt8xeaddVnITi_NS6l1Mfmr2vHQCZMx41BC8Q5z3qCLfRtqtmesoX8Biy_TNoAXAz_eVZnhxDTmDDBzSBzlvCPFYdbHk=k-no
ماكدونالدز,"Dhabab, الرياض 12232، المملكة العربية السعودية",4.0,6045,This man is very rude behavior for customer this man is not good guy,https://lh3.googleusercontent.com/grass-cs/ANxoTn1RCHbfAEknz3J557xg9rVnUkjCWYVR3qK1FZe0_wGymclF-ngMmGG-SLPd82oTIuLQjbKjYMReRFF7ZlFJWkdnBbh46gTmbasqAsWpEd0lGM6LnY2dvjXU5hjVrOooRVfiByaPo-ggJSgQ=k-no
ماكدونالدز,"Dhabab, الرياض 12232، المملكة العربية السعودية",4.0,6045,This man is not a good guy this guy's customer we are route behaviour,https://lh3.googleusercontent.com/grass-cs/ANxoTn3Ej9qCwilHCGVw3RcElpZqseLDZyoKWsnEGsxop7Vj1i0btcH2yb3450cmz54-_HAeS-eeJ-JcNj4LjcjPQi9Ubt1uyMuXG5JoW-VdjQdS6h-WlnK38dtfIVqOFwxbp80iMcO9CZ3ITdHt=k-no
ماكدونالدز,"Dhabab, الرياض 12232، المملكة العربية السعودية",4.0,6045,الخدمة رائعه متوقعه من ماك دونادز لكن اتمنى يهتموا بنظافة الحمامات و يوفرون مناديل في كل مكان مره بخيلين في المناديل يعطونك حبه او حبتين بالكثير,https://lh3.googleusercontent.com/grass-cs/ANxoTn3i0FuoShAGXZsJ9hQlpjWMc1-OqBc5fLgTi5QlxefizbvJ2NtpFMKLbORcVMH2M-P51M2PSGcfwxgiuccguBl_rdTWYL0g1SY5GEoq5s7eE0MnBT44FYJmy4FzmDZYAwpbkSu9YN8m9xsM=k-no
ماكدونالدز,"Dhabab, الرياض 12232، المملكة العربية السعودية",4.0,6045,اللهم صل و سلم على حبيبنا محمد صلى الله عليه وسلم اجواء المطعم جميله و هادئ الموظفين ماشاء الله دؤوبين الطلب تأخر شوي لكن لذيذ البطاطس مغرق زززيت ما عجبني الوجبه سبايسي جراند تشكن لذيذ,https://lh3.googleusercontent.com/grass-cs/ANxoTn10QHYpcdhzFBePLQWXSdqAY1ipfWOH6p75nGA9i3MK2KvLP4szbrYamH4aYu3eneveBU6YwhV3_1YMynXAjMn3oYl_8oc1IzXGDrFk6V-klB9GR_eCvNuyKyAdndTeO-5QvCHuK8FXf_a9=k-no
ماكدونالدز,"Dhabab, الرياض 12232، المملكة العربية السعودية",4.0,6045,جيد جدا,https://lh3.googleusercontent.com/grass-cs/ANxoTn1eCPp3-NrUttDouq-qXCTESyIVcsZU3r3PKAZtXAXohaG3PQVXftRgVqeSqeuiImwgWuzadIyapSTKlxkneifbGdk03Y_jCw5jAFCnNml9czZkioqayu6jRZwNSVyq0qdgoatmFCbE24-Z=k-no
ماكدونالدز,"Dhabab, الرياض 12232، المملكة العربية السعودية",4.0,6045,اسلوب الموظف زي الزفت,https://lh3.googleusercontent.com/grass-cs/ANxoTn2LLpepapdcHVG5ZzZuvpk0aFCpe-ZGZjmkDMvVNwVgEY7AfPLoqCsY0lb6MjCrThxwjOnlF6vstK82eawaFLib2wdl2LcsIVd8tQCauKZHpdWVJdGCiktXJshNA-z3YTsV4ttzH3iIcKeK=k-no
ماكدونالدز,"Dhabab, الرياض 12232، المملكة العربية السعودية",4.0,6045,والله اسوأ مطعم جيته في حياتي بلا منازع جيت اطلب من الدرايف ترو حاطين ابو فلب يتمحن وفي نفس الوضع شايف نفسه جيت اطلب قال لي ارجع واطلب من ورى ما ادري وش قصده قلت وين المدير جاء المدير الا هو اخس من ابو فلب حسيت اني جاي اشحت مو جاي اشتري بفلوسي مطعم غالي ونفسيات ما ادري كيف احنا متحملينهم والله من الغبنه مشيت وخليتهم,https://lh3.googleusercontent.com/grass-cs/ANxoTn2juQENpBxhIcB5J7UgY9YubM-3f9N-tJvGePr61RmvJyVRCJX_iLmBIXFkakXyKM0fPsbOiYq_by3PeRdNph5Kg0jUXoNNwal68G349AAsEW8kuteZxXIxYLQB3lfo6R-FUk7d6s3Y2JPf=k-no
ماكدونالدز,"Dhabab, الرياض 12232، المملكة العربية السعودية",4.0,6045,طلبت نقت من عندهم وصار ماستوى من داخل بدلت الوجبه ونفس الشي بالإضافة لرائحة دوره المياه اعزكم الله الجهه الغربيه فيها رائحة صوارير,https://lh3.googleusercontent.com/grass-cs/ANxoTn1lqBZPU-m6S-W7uean4cXS8fd5FHJ3wwr9DkGZqUPAUsbDuFCIijDNxKp7P5lUXUJZfv9zedipGPbHBXkqML-R-T5TwI4cTyCOu_ytaAmwUfMofMRv0qRV797MxNuadmxtwemj6kOWiW8h=k-no
ماكدونالدز,"Dhabab, الرياض 12232، المملكة العربية السعودية",4.0,6045,ماك ومهروف باكله ولكن اللي يفرق معك من فرع لفرع فريق العمل بكل صراحه انا زرتهم المساء فريق الخدمه سيء للغايه معامله بكل نفسيه واسلوب كنك جاي تشحتهم والمشكله مرتين ونفس المعامله ما يجاوبك ولا يكلمك باشلوب عادي ما ابيه يضحك ويبتسم بس يرد علي ويرد بدون ما يصارخ,https://lh3.googleusercontent.com/grass-cs/ANxoTn3YuJwl_gSB3KPTVGM069Hxq6Q0Q-M-NKN7zp-xvTZdfUlodF7L1mqjCqq_3qaw9FG1q6jju0Pa35amUvyF_U9-lRfDqUka7a53G62yB5EdmWDiMO5c-r0jSj6zjAjlLAtgavhI_vJ99mg=k-no
ماكدونالدز,"Dhabab, الرياض 12232، المملكة العربية السعودية",4.0,6045,سلسلة مطاعم عالمية ذات جودة عاليه,https://lh3.googleusercontent.com/grass-cs/ANxoTn0h7fTjSkHcCAKzf8oGWt0XQqY8jhx_IlPvyBCZ0yyXMNinOvbH7EjINx7GP23q-QItgGTACknZK1mbt6WPT5fgftGHbe6QPPlRMB9jT3M3Fm9GPESxpr0-VQE4DzlodgFOm35S5QcsY1qb=k-no
ماكدونالدز,"Dhabab, الرياض 12232، المملكة العربية السعودية",4.0,6045,Miya Miya.,https://lh3.googleusercontent.com/grass-cs/ANxoTn16Wo8-HyLmwSZqkrjrtdQoLNp6Ua6qPLlKYvM2QN18YjcXomyaHzA9RgPkfVW5kx1Qglx_nn5z9mX15IxqtJCB-cAxr_n9-71N5cowlbdOVlKmG8SVGU9SsfxLuBjoDlX0eOoHWTe8W2vf=k-no
ماكدونالدز,"Dhabab, الرياض 12232، المملكة العربية السعودية",4.0,6045,"Great place to eat,whenever I need to eat some snacks while on break. Easy access and fast.",https://lh3.googleusercontent.com/grass-cs/ANxoTn3Ld6_wIm7EXEOd_We0LAKAccXpDPJuAyhX-I-BOOh4IE4TUxfM--9kv1lrz4IToJwXWlu42QPDrlqYzzuT0_MxJLq1tGL0J18dbyMNDZmtz4zs_lSO0ipyikEW-LNYjA5Ui34TAPOELwsS=k-no
ماكدونالدز,"Dhabab, الرياض 12232، المملكة العربية السعودية",4.0,6045,WE MAKE A DRIVE THRU ORDER IN MCDONALDS DABAB BRANCH. UNFORTUNATELY THE TASTE AND THE SMELL OF THE BURGER BUN OF THE MC CRISPY CHICKEN DELUXE TASTE AND SMELLS LIKE IT HAS MOLDS AND ABOUT TO EXPIRE. I COMPLAIN IMMEDIATELY TO THE BRANCH AND ASK TO CANCEL THE ORDER BECAUSE MY HUSBAND DONT WANT TO EAT THE BURGER ANYMORE HIS AFRAID HE MIGHT HAVE DIARRHEA AFTER. BUT THE MANAGER ON DUTY SAID HE CANT CANCEL NOR REFUND MY ORDER. AND I COMPLAIN THEN IN THE MCDONALDS HOTLINE AND THATS THE TIME THEY CALL ME AND SAID THEY WILL REFUND. ITS TOO LATE THE DAMAGE HAS DONE. IF I DID NOT CALL THE HOTLINE YOU WILL NOT ENTERTAIN MY COMPLAIN. IF THERE IS zERO STAR FOR MY EXPERIENCE I WILL PUT ZERO STAR.,https://lh3.googleusercontent.com/grass-cs/ANxoTn2JFPiLzOMAgg3u636OMg8kovaUkcOEmlTgQoe9SqBBS-uc11wK4o7AqQUUbVKB4hV_rijrC6P4RZp_C_zKzX0rwRjgdHEAiA9iqfuPQfdOPglnK__dMT29DeNzfCWxSsJV5hmY-6wTJtzJ=k-no
ماكدونالدز,"Dhabab, الرياض 12232، المملكة العربية السعودية",4.0,6045,سييي مره تعامل موظفهم أفريقي سيي جدا,https://lh3.googleusercontent.com/grass-cs/ANxoTn3Cdx5W_789mF5bEhSsYQKRCLsjhZFmuia3dAkqTbFTvmh8LiboONyTfZRgg7CheHRDm88H_LHKmG9SwHP1uVveE-g02-wQd37LnewEcYVgZ6VmKrC2NBTqXJ0X05m5XvEMzdKaj3HMm50x=k-no
ماكدونالدز,"Dhabab, الرياض 12232، المملكة العربية السعودية",4.0,6045,nice,https://lh3.googleusercontent.com/grass-cs/ANxoTn0gKicRPHYYWNWrGxNt9hbHdIpphQd0JtYJSq1HGGTv_XbP7b7ODd8yTNqq-NN2u3XetG4yJZL5fsaYYnyL7L3vSaeIOVyldmijmfuXQfqHYvT5ERn9ENzY2wfLszewTqMWULUUGg8FOBQj=k-no
ماكدونالدز,"Dhabab, الرياض 12232، المملكة العربية السعودية",4.0,6045,سيئ جدا. الكولا بدون غازات البطاطس ليين مافيه اي قرمشه,https://lh3.googleusercontent.com/grass-cs/ANxoTn0ZG6DdUaVgZDdfLqUmbb9XSb2xHjHtQs9kcabcdzfOIB6XU11s3JOPd24OkTdZgyzTBDK8WszY9uobfofE1j4epwnmT-PQS4W_UMY0nV9-rsinx89D9WWy2wm121Iu_pYQkeEctf2Wcowz=k-no
ماكدونالدز,"Dhabab, الرياض 12232، المملكة العربية السعودية",4.0,6045,Just to say thank you to mr. Filipino manager he is very friendly en really polite icecoffee,https://lh3.googleusercontent.com/grass-cs/ANxoTn3WFBbI4dqDoXDXOZT-kXQHfGjgvt7E2M63YK8I71igeGUNBxcRJrgVaKJvjlHv6K1dBtaiXQThNH3WywN_9wtYqXUVRl0uol9XRbxYmxc8clmxxQcNso93_mjfIfPNamWYfz0itVBzqFQ=k-no
ماكدونالدز,"Dhabab, الرياض 12232، المملكة العربية السعودية",4.0,6045,,https://lh3.googleusercontent.com/grass-cs/ANxoTn2K6T_HCNrPpN8CQkbbNbfh1ujf0onTBewHm21RtHpRmFOW1C8qrleb3h_hxO_YpDOnQBgmgySWReO56qgw9hDRzQloSHT88JzQn9pIjtM6hWS4wKznalvc3ttodOC5pRAvy5hQ1bn8u4Ak=k-no
ماكدونالدز,"Dhabab, الرياض 12232، المملكة العربية السعودية",4.0,6045,,https://lh3.googleusercontent.com/grass-cs/ANxoTn3E5MbnWBdzUh4RICD9WqA7Qmu6nQdyWgI6RceOO1JajmA0Wv0GSpys9LAJpKxKTu4Ul3GERs2xhhCQ12ru7LPbT-m-vPjHs6bctXDbf6tIazvy8Vx4w7FLS4IPdL4TPZNiJFyzRD1wAh8=k-no
ماكدونالدز,"Dhabab, الرياض 12232، المملكة العربية السعودية",4.0,6045,,https://lh3.googleusercontent.com/grass-cs/ANxoTn1eBLHN6G9z-oYceRkc0PoqPjd--xiANcWZy2ukVcsXFLRgSgBlNuQjIKskbdaQwm0RPJB9RfoO8Z-yB_qnWQbzCoYlEnT_7PByER7AMpDyoU_6pJX013ZmogT_tiZN6TsU5IF-rNJKvUOJ=k-no
ماكدونالدز,"Dhabab, الرياض 12232، المملكة العربية السعودية",4.0,6045,,https://lh3.googleusercontent.com/grass-cs/ANxoTn12iv9IGXhaf7eJHYZOwJihVI7tBOysdXTriNzUgNqWS2LlYaVeMJM6lrIc397Z9y7yThtZ4RfHay1JKexkIMVyR1VRfHWa6vrbgNS9fYxXUdgBu9eiM_ejEGwypHR3vGyFeVZ5ezgtGxEm=k-no
ماكدونالدز,"Dhabab, الرياض 12232، المملكة العربية السعودية",4.0,6045,,https://lh3.googleusercontent.com/grass-cs/ANxoTn2G82ZcpUVP9Q_Sr3alj1FJmG4j5pol_il1MMOOJRG6v1uzpxOLLwi38cz5CDrAxrUfy7qpa6gNZbgng2a5KYzbyMgtzRKHSC4gfA8A5r6cCH-pVgjv5Jn-WJWqZ5mgRltgMUYJKaNAdIjm=k-no
